Rank,Symbol,Series,PrevClose,IEP_Open,Change,ChangePct,FinalQty,Turnover_Cr
1,CONNPLEX,SM,271.85,237.0,-34.85,-12.82,15200,0.0
2,TEXRAIL,EQ,105.71,115.0,9.29,8.79,260752,0.0
3,FMNL,EQ,9.67,10.49,0.82,8.48,103,0.0
4,KEEPLEARN,EQ,1.94,2.1,0.16,8.25,51,0.0
5,HEMIPROP,EQ,149.09,160.53,11.44,7.67,136965,0.0
6,NEULANDLAB,EQ,17003.0,18305.0,1302.0,7.66,11961,0.0
7,COHANCE,EQ,484.65,448.3,-36.35,-7.5,66645,0.0
8,SBGLP,EQ,26.41,24.5,-1.91,-7.23,1200,0.0
9,LAMBODHARA,EQ,105.42,98.0,-7.42,-7.04,9713,0.0
10,ASTAR,EQ,663.65,710.0,46.35,6.98,1,0.0
11,UEL,EQ,144.07,154.0,9.93,6.89,2,0.0
12,DAMODARIND,EQ,29.94,32.0,2.06,6.88,101,0.0
13,TATAPOWER,EQ,418.4,391.0,-27.4,-6.55,262549,0.0
14,ALBERTDAVD,EQ,781.1,730.0,-51.1,-6.54,1791,0.0
15,TEXINFRA,EQ,99.66,105.85,6.19,6.21,11210,0.0
16,IIFL,EQ,445.7,473.0,27.3,6.13,116654,0.0
17,TECILCHEM,EQ,11.98,12.7,0.72,6.01,9,0.0
18,KROSS,EQ,203.08,215.0,11.92,5.87,30933,0.0
19,MENNPIS,EQ,57.62,60.87,3.25,5.64,35,0.0
20,GTLINFRA,EQ,1.28,1.35,0.07,5.47,2741331,0.0
21,MERCANTILE,EQ,27.53,28.99,1.46,5.3,4,0.0
22,FOSECOIND,EQ,4803.8,5050.0,246.2,5.13,142,0.0
23,GUJRAFFIA,EQ,38.04,36.1,-1.94,-5.1,1166,0.0
24,MMWL,EQ,13.54,12.86,-0.68,-5.02,6457,0.0
25,SEMAC,EQ,373.0,391.65,18.65,5.0,1105,0.0
26,ABMINTLLTD,BE,39.6,41.58,1.98,5.0,11,0.0
27,HOACFOODS,SM,489.4,464.95,-24.45,-5.0,375,0.0
28,SILVERTUC,EQ,147.68,140.3,-7.38,-5.0,16919,0.0
29,OMAXAUTO,BE,218.32,207.41,-10.91,-5.0,5875,0.0
30,VASCONEQ,BE,37.61,35.73,-1.88,-5.0,19266,0.0
31,GTL,BE,7.6,7.22,-0.38,-5.0,2500,0.0
32,E2E,BE,3425.1,3253.9,-171.2,-5.0,857,0.0
33,AHLWEST,BE,508.75,534.15,25.4,4.99,121,0.0
34,POSITRON,ST,220.3,209.3,-11.0,-4.99,1200,0.0
35,TAKE,BE,29.84,28.35,-1.49,-4.99,123621,0.0
36,VINEETLAB,BE,36.47,34.65,-1.82,-4.99,2398,0.0
37,ABANSENT,BE,35.29,33.53,-1.76,-4.99,1906,0.0
38,PLAZACABLE,BE,54.66,51.93,-2.73,-4.99,10258,0.0
39,CALSOFT,BE,26.51,27.83,1.32,4.98,102644,0.0
40,UNIHEALTH,ST,438.35,460.1,21.75,4.96,500,0.0
41,GRADIENTE,BE,8.07,7.67,-0.4,-4.96,38,0.0
42,GOLDENTOBC,BZ,26.68,28.0,1.32,4.95,17,0.0
43,PARSVNATH,BE,6.28,5.97,-0.31,-4.94,218238,0.0
44,TRU,EQ,6.33,6.64,0.31,4.9,178,0.0
45,AAKASH,BE,8.39,8.8,0.41,4.89,30511,0.0
46,TRF,EQ,259.55,246.85,-12.7,-4.89,495,0.0
47,ANKITMETAL,BZ,1.64,1.72,0.08,4.88,222,0.0
48,JYOTIGLOBL,ST,51.3,48.8,-2.5,-4.87,2000,0.0
49,PEARLPOLY,BE,19.97,19.0,-0.97,-4.86,167,0.0
50,TAALTECH,EQ,2851.7,2990.0,138.3,4.85,1,0.0
51,VIJIFIN,BE,4.12,3.92,-0.2,-4.85,992,0.0
52,WEALTH,EQ,905.2,949.0,43.8,4.84,2,0.0
53,GURUNANAK,ST,40.3,38.35,-1.95,-4.84,1600,0.0
54,KSHITIJPOL,BE,4.56,4.34,-0.22,-4.82,122228,0.0
55,ROLLT,BE,2.3,2.19,-0.11,-4.78,16292,0.0
56,THOMASCOOK,EQ,93.43,89.0,-4.43,-4.74,48824,0.0
57,GSTL,ST,22.15,21.1,-1.05,-4.74,6000,0.0
58,VALUE360,ST,78.2,74.5,-3.7,-4.73,129600,0.0
59,SIGMAADV,BE,336.45,320.55,-15.9,-4.73,9649,0.0
60,ARTNIRMAN,BE,39.92,41.8,1.88,4.71,1,0.0
61,SVPGLOB,BE,4.25,4.05,-0.2,-4.71,2686,0.0
62,INNOMET,ST,109.65,104.5,-5.15,-4.7,2400,0.0
63,HEADSUP,EQ,7.57,7.22,-0.35,-4.62,25,0.0
64,SIGIND,EQ,49.16,51.4,2.24,4.56,200,0.0
65,SUVIDHAA,BE,2.85,2.98,0.13,4.56,15000,0.0
66,PATINTLOG,EQ,11.96,12.5,0.54,4.52,13808,0.0
67,RVTH,EQ,705.95,674.2,-31.75,-4.5,1,0.0
68,JINDALPHOT,EQ,1041.6,1088.0,46.4,4.45,3,0.0
69,BUTTERFLY,EQ,708.6,740.0,31.4,4.43,10061,0.0
70,RHFL,BZ,2.28,2.38,0.1,4.39,8732,0.0
71,SPECTRUM,EQ,1417.8,1355.5,-62.3,-4.39,8,0.0
72,KHAITANLTD,BE,144.62,150.96,6.34,4.38,730,0.0
73,SANWARIA,BZ,0.23,0.24,0.01,4.35,3069,0.0
74,DBSTOCKBRO,EQ,27.17,26.0,-1.17,-4.31,14478,0.0
75,BIRLACABLE,BE,182.94,175.05,-7.89,-4.31,810,0.0
76,STOVEKRAFT,EQ,563.45,587.45,24.0,4.26,24936,0.0
77,BASML,EQ,23.87,24.87,1.0,4.19,1,0.0
78,HPAL,EQ,41.03,39.31,-1.72,-4.19,15369,0.0
79,GENCON,EQ,39.64,41.28,1.64,4.14,16,0.0
80,SUPREMEENG,BZ,0.97,1.01,0.04,4.12,9148,0.0
81,MADHUCON,BE,5.58,5.35,-0.23,-4.12,1407,0.0
82,SURANASOL,EQ,26.89,27.99,1.1,4.09,1895,0.0
83,AKSHAR,EQ,0.49,0.51,0.02,4.08,1001,0.0
84,MICEL,EQ,49.71,47.69,-2.02,-4.06,84689,0.0
85,GATECHDVR,EQ,0.5,0.52,0.02,4.0,15634,0.0
86,FILATFASH,BE,0.25,0.24,-0.01,-4.0,871016,0.0
87,AKI,EQ,4.76,4.95,0.19,3.99,1000,0.0
88,VIDYAWIRES,EQ,93.73,90.0,-3.73,-3.98,83236,0.0
89,ELITECON,EQ,33.55,34.88,1.33,3.96,101279,0.0
90,HARDWYN,EQ,23.07,23.98,0.91,3.94,23710,0.0
91,EUROBOND,EQ,180.81,187.9,7.09,3.92,244,0.0
92,SUBEXLTD,BE,10.97,11.4,0.43,3.92,65472,0.0
93,SCPL,BE,425.8,409.1,-16.7,-3.92,40,0.0
94,SAKHTISUG,EQ,17.98,18.68,0.7,3.89,1,0.0
95,WEWIN,BE,66.79,64.2,-2.59,-3.88,201,0.0
96,SCHNEIDER,BE,1265.2,1217.0,-48.2,-3.81,2578,0.0
97,ANONDITA,SM,961.5,925.0,-36.5,-3.8,200,0.0
98,OCCLLTD,EQ,95.37,98.98,3.61,3.79,1,0.0
99,PUNJABCHEM,EQ,1095.5,1137.0,41.5,3.79,10,0.0
100,ZENITHSTL,EQ,6.1,6.33,0.23,3.77,1500,0.0
101,IRISDOREME,EQ,36.38,35.01,-1.37,-3.77,100,0.0
102,EMPOWER,BE,2.69,2.79,0.1,3.72,114211,0.0
103,NORBTEAEXP,EQ,76.16,78.99,2.83,3.72,1,0.0
104,TORNTPOWER,EQ,1597.6,1538.2,-59.4,-3.72,4558,0.0
105,NRAIL,EQ,482.25,500.0,17.75,3.68,2,0.0
106,IMPEXFERRO,BZ,1.64,1.7,0.06,3.66,502,0.0
107,RAJESHEXPO,BZ,111.26,107.2,-4.06,-3.65,1725,0.0
108,TEXMOPIPES,EQ,43.84,42.25,-1.59,-3.63,1755,0.0
109,ATLANTAA,EQ,40.1,38.65,-1.45,-3.62,500,0.0
110,PNGJL,EQ,627.3,605.0,-22.3,-3.55,8367,0.0
111,ASAL,EQ,491.3,508.7,17.4,3.54,2001,0.0
112,AMBICAAGAR,EQ,24.04,23.2,-0.84,-3.49,2003,0.0
113,HECPROJECT,EQ,114.74,110.76,-3.98,-3.47,376,0.0
114,RELIGARE,EQ,222.3,230.0,7.7,3.46,89936,0.0
115,BERGEPAINT,EQ,488.1,505.0,16.9,3.46,15663,0.0
116,RKDL,EQ,20.78,20.06,-0.72,-3.46,100,0.0
117,CELLECOR,ST,40.45,39.05,-1.4,-3.46,3000,0.0
118,RAJINDLTD,SM,72.5,75.0,2.5,3.45,4500,0.0
119,BALAXI,BE,27.08,26.15,-0.93,-3.43,105,0.0
120,ALKALI,EQ,63.8,65.98,2.18,3.42,1,0.0
121,ZFSTEERING,EQ,759.05,785.0,25.95,3.42,6,0.0
122,PUSHPA,SM,126.3,122.0,-4.3,-3.4,2000,0.0
123,RAJTV,EQ,22.68,23.44,0.76,3.35,1,0.0
124,WILLAMAGOR,EQ,28.05,27.11,-0.94,-3.35,1,0.0
125,TICL,EQ,23.33,22.55,-0.78,-3.34,1177,0.0
126,FLFL,BZ,1.8,1.86,0.06,3.33,1,0.0
127,JHS,BE,8.7,8.99,0.29,3.33,110,0.0
128,MODIRUBBER,EQ,138.43,142.99,4.56,3.29,1,0.0
129,INDRAMEDCO,EQ,415.85,402.15,-13.7,-3.29,7170,0.0
130,ROSSTECH,EQ,827.95,855.0,27.05,3.27,1241,0.0
131,AVROIND,EQ,10.25,10.58,0.33,3.22,116,0.0
132,PARKHOTELS,EQ,128.54,124.4,-4.14,-3.22,2840,0.0
133,MOTISONS,EQ,11.84,11.46,-0.38,-3.21,20030,0.0
134,ALICON,EQ,729.5,706.05,-23.45,-3.21,167,0.0
135,BPL,EQ,55.14,56.9,1.76,3.19,102,0.0
136,RUDRA,BE,20.14,19.5,-0.64,-3.18,1600,0.0
137,JINDRILL,EQ,571.8,589.95,18.15,3.17,10980,0.0
138,EXXARO,EQ,6.72,6.93,0.21,3.13,41,0.0
139,FINKURVE,EQ,67.1,65.0,-2.1,-3.13,11,0.0
140,GVPIL,BE,671.3,692.0,20.7,3.08,61963,0.0
141,ABAN,BE,18.81,19.38,0.57,3.03,1778,0.0
142,ATL,EQ,25.08,25.84,0.76,3.03,201,0.0
143,AURIGROW,EQ,0.33,0.32,-0.01,-3.03,564931,0.0
144,SUPREMEPWR,ST,252.65,245.0,-7.65,-3.03,2000,0.0
145,IVC,EQ,7.67,7.9,0.23,3.0,251,0.0
146,SHREERAMA,EQ,44.0,45.32,1.32,3.0,107,0.0
147,KALYANKJIL,EQ,361.8,351.0,-10.8,-2.99,222140,0.0
148,SKFINDUS,EQ,2038.2,2099.0,60.8,2.98,376,0.0
149,PCJEWELLER,EQ,8.47,8.22,-0.25,-2.95,601615,0.0
150,MGEL,EQ,13.28,13.67,0.39,2.94,2012,0.0
151,SCHAND,EQ,168.54,173.5,4.96,2.94,600,0.0
152,VAISHALI,BE,7.14,7.35,0.21,2.94,40,0.0
153,MCX,EQ,3156.9,3249.0,92.1,2.92,59659,0.0
154,SENCO,EQ,312.75,303.65,-9.1,-2.91,32277,0.0
155,SKYGOLD,EQ,475.8,462.0,-13.8,-2.9,19787,0.0
156,GFLLIMITED,EQ,47.33,48.7,1.37,2.89,1000,0.0
157,AMBALALSA,EQ,30.91,31.8,0.89,2.88,50,0.0
158,MAXVOLT,SM,458.2,445.0,-13.2,-2.88,18000,0.0
159,HYUNDAI,EQ,1877.9,1824.0,-53.9,-2.87,8825,0.0
160,RADHIKAJWE,EQ,57.77,56.11,-1.66,-2.87,7738,0.0
161,TRIGYN,EQ,54.82,56.38,1.56,2.85,1,0.0
162,MANAPPURAM,EQ,293.2,301.55,8.35,2.85,87982,0.0
163,GOPAL,EQ,314.05,323.0,8.95,2.85,12978,0.0
164,NDLVENTURE,EQ,118.64,122.0,3.36,2.83,78,0.0
165,MAHAPEXLTD,EQ,52.02,50.55,-1.47,-2.83,20,0.0
166,HINDZINC,EQ,641.9,660.0,18.1,2.82,163142,0.0
167,RATNAVEER,EQ,167.32,172.0,4.68,2.8,22821,0.0
168,MUNJALAU,EQ,87.79,90.25,2.46,2.8,3231,0.0
169,HINDCOPPER,EQ,564.2,580.0,15.8,2.8,92310,0.0
170,THANGAMAYL,EQ,3670.0,3567.7,-102.3,-2.79,1825,0.0
171,DELPHIFX,EQ,11.85,11.52,-0.33,-2.78,9850,0.0
172,NITTAGELA,EQ,1282.6,1318.0,35.4,2.76,40,0.0
173,ABINFRA,EQ,13.75,14.13,0.38,2.76,5073,0.0
174,LEMERITE,EQ,437.9,449.95,12.05,2.75,130,0.0
175,SILGO,EQ,76.09,74.0,-2.09,-2.75,351,0.0
176,RAMAPHO,EQ,132.26,135.89,3.63,2.74,59,0.0
177,RSSOFTWARE,BE,31.87,31.0,-0.87,-2.73,8,0.0
178,PRUDMOULI,EQ,16.5,16.05,-0.45,-2.73,805,0.0
179,SHYAMCENT,EQ,5.51,5.36,-0.15,-2.72,1151,0.0
180,SEL,ST,222.95,229.0,6.05,2.71,200,0.0
181,VERANDA,EQ,214.34,220.1,5.76,2.69,2137,0.0
182,CEINSYS,EQ,1036.1,1064.0,27.9,2.69,2671,0.0
183,KAMOPAINTS,BE,5.21,5.35,0.14,2.69,3245,0.0
184,ASHIKA,EQ,380.75,391.0,10.25,2.69,60,0.0
185,TERASOFT,EQ,333.1,342.0,8.9,2.67,15,0.0
186,FEDDERSHOL,EQ,34.07,33.16,-0.91,-2.67,98,0.0
187,SIGACHI,BE,21.08,20.52,-0.56,-2.66,7282,0.0
188,GEEKAYWIRE,EQ,26.45,25.75,-0.7,-2.65,1304,0.0
189,OAL,EQ,297.9,290.0,-7.9,-2.65,14,0.0
190,MOL,EQ,53.41,52.0,-1.41,-2.64,43567,0.0
191,AVPINFRA,SM,85.2,82.95,-2.25,-2.64,800,0.0
192,SHIVATEX,EQ,167.61,172.0,4.39,2.62,6,0.0
193,MANAKALUCO,EQ,32.45,33.3,0.85,2.62,46,0.0
194,VIVIANA,SM,755.9,775.7,19.8,2.62,1000,0.0
195,SAURASHCEM,EQ,61.38,62.98,1.6,2.61,515,0.0
196,CPEDU,EQ,190.25,185.3,-4.95,-2.6,40,0.0
197,PLATIND,EQ,251.02,257.5,6.48,2.58,2857,0.0
198,BGRENERGY,BE,259.8,253.1,-6.7,-2.58,874,0.0
199,ARFIN,EQ,99.77,102.33,2.56,2.57,12486,0.0
200,ALANKIT,EQ,8.94,8.71,-0.23,-2.57,5101,0.0
201,DREAMFOLKS,EQ,78.12,76.12,-2.0,-2.56,812,0.0
202,BLUEJET,EQ,444.8,456.0,11.2,2.52,971,0.0
203,EFFWA,SM,252.9,246.55,-6.35,-2.51,800,0.0
204,MAYURUNIQ,EQ,600.05,615.0,14.95,2.49,5005,0.0
205,MAHESHWARI,EQ,52.18,53.48,1.3,2.49,4,0.0
206,VGL,EQ,58.54,60.0,1.46,2.49,245,0.0
207,ACCPL,ST,122.25,119.2,-3.05,-2.49,1200,0.0
208,FROG,SM,201.5,206.5,5.0,2.48,400,0.0
209,CUBEXTUB,EQ,95.38,93.01,-2.37,-2.48,4501,0.0
210,NAVKARURB,EQ,0.81,0.83,0.02,2.47,2792,0.0
211,BHANDARI,EQ,3.64,3.73,0.09,2.47,72,0.0
212,MARINE,EQ,217.88,212.5,-5.38,-2.47,5576,0.0
213,SMARTWORKS,EQ,428.4,438.95,10.55,2.46,4,0.0
214,BAJAJHCARE,EQ,292.8,300.0,7.2,2.46,1355,0.0
215,HINDCOMPOS,EQ,447.9,458.9,11.0,2.46,1,0.0
216,IDEA,EQ,11.89,12.18,0.29,2.44,3858123,0.0
217,TCIFINANCE,EQ,14.11,14.45,0.34,2.41,2,0.0
218,LAHOTIOV,EQ,45.89,46.99,1.1,2.4,167,0.0
219,BONLON,EQ,52.59,51.33,-1.26,-2.4,435,0.0
220,BCPL,EQ,80.53,78.61,-1.92,-2.38,133,0.0
221,HALEOSLABS,EQ,1690.1,1730.0,39.9,2.36,5,0.0
222,UNIDT,EQ,214.93,219.96,5.03,2.34,244,0.0
223,TBZ,EQ,134.39,131.25,-3.14,-2.34,7302,0.0
224,GOYALALUM,EQ,6.88,6.72,-0.16,-2.33,1111,0.0
225,OSIAHYPER,BE,4.81,4.7,-0.11,-2.29,7015,0.0
226,TTKHLTCARE,EQ,907.35,928.0,20.65,2.28,10,0.0
227,PREMCO,EQ,396.95,406.0,9.05,2.28,11,0.0
228,SIGMA,EQ,42.98,42.0,-0.98,-2.28,841,0.0
229,AIMTRON,SM,1117.35,1092.0,-25.35,-2.27,2800,0.0
230,VENUSPIPES,EQ,1287.2,1258.0,-29.2,-2.27,1040,0.0
231,VEDL,EQ,305.05,311.95,6.9,2.26,296941,0.0
232,GKENERGY,EQ,121.27,124.0,2.73,2.25,5881,0.0
233,BIRLANU,EQ,1559.1,1524.0,-35.1,-2.25,565,0.0
234,VERTOZ,EQ,48.42,49.5,1.08,2.23,123,0.0
235,CUDML,SM,154.75,151.3,-3.45,-2.23,3000,0.0
236,MITTAL,EQ,0.9,0.92,0.02,2.22,1321,0.0
237,FEL,BZ,0.45,0.46,0.01,2.22,1117,0.0
238,TAC,SM,514.1,525.5,11.4,2.22,3800,0.0
239,DCMSIL,BE,66.06,64.6,-1.46,-2.21,300,0.0
240,ASHOKAMET,EQ,15.9,16.25,0.35,2.2,23,0.0
241,SASKEN,EQ,1840.5,1800.0,-40.5,-2.2,7194,0.0
242,JINDALPOLY,EQ,711.65,696.05,-15.6,-2.19,482,0.0
243,RADIANTCMS,EQ,42.43,41.5,-0.93,-2.19,450,0.0
244,VHLTD,BE,136.85,139.8,2.95,2.16,1,0.0
245,SHANTI,EQ,6.5,6.64,0.14,2.15,1,0.0
246,BORORENEW,EQ,548.1,559.9,11.8,2.15,22986,0.0
247,RUCHIRA,EQ,117.47,119.99,2.52,2.15,151,0.0
248,COMFINTE,EQ,7.9,8.07,0.17,2.15,2078,0.0
249,DPABHUSHAN,EQ,953.5,933.0,-20.5,-2.15,796,0.0
250,FLAIR,EQ,327.0,320.0,-7.0,-2.14,1532,0.0
251,NAZARA,EQ,263.1,268.7,5.6,2.13,66071,0.0
252,PINELABS,EQ,188.01,184.0,-4.01,-2.13,14722,0.0
253,KAKATCEM,BE,124.64,122.0,-2.64,-2.12,4,0.0
254,SVLL,EQ,593.6,581.1,-12.5,-2.11,138,0.0
255,ALPHAGEO,EQ,234.08,239.0,4.92,2.1,10,0.0
256,BROOKS,BE,49.81,50.85,1.04,2.09,161,0.0
257,RBZJEWEL,EQ,133.8,131.0,-2.8,-2.09,1358,0.0
258,DNAMEDIA,EQ,2.9,2.96,0.06,2.07,25,0.0
259,SOUTHBANK,EQ,38.21,39.0,0.79,2.07,94970,0.0
260,ATMASTCO,ST,205.25,201.0,-4.25,-2.07,400,0.0
261,UTSSAV,SM,256.65,251.35,-5.3,-2.07,1800,0.0
262,LOTUSEYE,EQ,114.66,112.3,-2.36,-2.06,2,0.0
263,ADANIENSOL,EQ,1284.3,1257.8,-26.5,-2.06,39859,0.0
264,SUBAHOTELS,SM,133.8,131.05,-2.75,-2.06,1200,0.0
265,SRTL,EQ,45.83,46.77,0.94,2.05,300,0.0
266,ELECON,EQ,502.0,491.7,-10.3,-2.05,3580,0.0
267,CROWN,EQ,131.91,134.6,2.69,2.04,19,0.0
268,MUTHOOTFIN,EQ,3353.4,3421.8,68.4,2.04,9053,0.0
269,PRITIKAUTO,EQ,13.7,13.98,0.28,2.04,1,0.0
270,ANTELOPUS,EQ,719.35,733.95,14.6,2.03,9122,0.0
271,DEN,EQ,26.18,25.65,-0.53,-2.02,13253,0.0
272,MUKTAARTS,EQ,55.91,57.03,1.12,2.0,1,0.0
273,TTKPRESTIG,EQ,528.7,539.25,10.55,2.0,5834,0.0
274,KOTIC,EQ,177.03,180.57,3.54,2.0,1,0.0
275,CORONA,EQ,1631.2,1663.9,32.7,2.0,132,0.0
276,KINGFA,EQ,5261.3,5156.2,-105.1,-2.0,3,0.0
277,BIRLAMONEY,EQ,138.29,135.52,-2.77,-2.0,597,0.0
278,TIGERLOGS,BE,38.06,37.3,-0.76,-2.0,35,0.0
279,PANACHE,BE,362.6,369.8,7.2,1.99,1,0.0
280,ACSTECH,EQ,36.26,36.98,0.72,1.99,1,0.0
281,TREL,EQ,25.58,26.09,0.51,1.99,1,0.0
282,BHAGERIA,EQ,158.65,161.8,3.15,1.99,1,0.0
283,ONWARDTEC,EQ,265.71,271.0,5.29,1.99,1280,0.0
284,VIPCLOTHNG,EQ,23.65,24.12,0.47,1.99,856,0.0
285,PENINLAND,BE,17.09,16.75,-0.34,-1.99,654,0.0
286,SUMIT,BE,46.25,45.33,-0.92,-1.99,1,0.0
287,STEELCITY,EQ,80.2,81.79,1.59,1.98,2,0.0
288,HALDYNGL,EQ,108.45,106.3,-2.15,-1.98,22,0.0
289,INTELLECT,EQ,723.55,737.8,14.25,1.97,7422,0.0
290,OMNI,EQ,402.75,410.7,7.95,1.97,1121,0.0
291,JAYSREETEA,EQ,90.18,91.95,1.77,1.96,1500,0.0
292,VIVIDHA,EQ,0.51,0.52,0.01,1.96,1461,0.0
293,IGCL,EQ,62.64,63.87,1.23,1.96,75,0.0
294,VISASTEEL,EQ,55.6,56.69,1.09,1.96,2772,0.0
295,SIMPLEXINF,EQ,204.01,207.99,3.98,1.95,1,0.0
296,HONDAPOWER,EQ,2186.1,2228.8,42.7,1.95,135,0.0
297,GNRL,EQ,96.02,97.89,1.87,1.95,280,0.0
298,PRIMO,EQ,25.65,25.15,-0.5,-1.95,4000,0.0
299,KKCL,EQ,456.1,464.95,8.85,1.94,18,0.0
300,ASIANPAINT,EQ,2505.5,2554.0,48.5,1.94,8119,0.0
301,ATLANTAELE,EQ,1814.8,1850.0,35.2,1.94,5097,0.0
302,COCKERILL,EQ,5152.5,5252.0,99.5,1.93,1,0.0
303,PROZONER,EQ,49.81,48.85,-0.96,-1.93,714,0.0
304,PVRINOX,EQ,1014.6,995.0,-19.6,-1.93,2867,0.0
305,UNIINFO,BE,11.99,12.22,0.23,1.92,2,0.0
306,DYCL,EQ,328.7,335.0,6.3,1.92,12879,0.0
307,DRREDDY,EQ,1270.0,1245.6,-24.4,-1.92,78967,0.0
308,ETHOSLTD,EQ,2361.3,2316.0,-45.3,-1.92,40,0.0
309,ANSALAPI,BZ,4.19,4.27,0.08,1.91,15,0.0
310,TEGA,EQ,1566.8,1596.8,30.0,1.91,375,0.0
311,ZTECH,SM,590.7,602.0,11.3,1.91,300,0.0
312,JUBLFOOD,EQ,442.15,433.7,-8.45,-1.91,11804,0.0
313,HAVISHA,BE,1.59,1.62,0.03,1.89,10557,0.0
314,TVTODAY,EQ,114.42,112.26,-2.16,-1.89,72,0.0
315,PARASPETRO,BE,2.13,2.17,0.04,1.88,865,0.0
316,SAMHI,EQ,153.88,151.0,-2.88,-1.87,8502,0.0
317,INOXINDIA,EQ,1411.4,1385.0,-26.4,-1.87,3660,0.0
318,GEECEE,EQ,296.4,301.9,5.5,1.86,6,0.0
319,MAXIND,EQ,167.88,171.0,3.12,1.86,10,0.0
320,IL&FSENGG,BZ,26.88,26.38,-0.5,-1.86,1,0.0
321,KANORICHEM,EQ,91.81,90.1,-1.71,-1.86,14,0.0
322,DANISH,SM,877.2,893.4,16.2,1.85,600,0.0
323,SHALBY,EQ,158.05,160.97,2.92,1.85,801,0.0
324,NECLIFE,BE,12.96,13.2,0.24,1.85,10,0.0
325,GRAVISSHO,EQ,27.1,26.6,-0.5,-1.85,56,0.0
326,DJML,BE,93.23,94.95,1.72,1.84,26,0.0
327,WPIL,EQ,433.1,425.15,-7.95,-1.84,110,0.0
328,ICEMAKE,EQ,767.15,753.0,-14.15,-1.84,109,0.0
329,RPPINFRA,EQ,72.87,74.2,1.33,1.83,20,0.0
330,MEP,BZ,1.09,1.11,0.02,1.83,502,0.0
331,VENKEYS,EQ,1678.7,1709.5,30.8,1.83,831,0.0
332,NITCO,EQ,98.21,100.0,1.79,1.82,7665,0.0
333,KOPRAN,EQ,150.38,147.65,-2.73,-1.82,2228,0.0
334,NAGAFERT,BZ,3.87,3.94,0.07,1.81,2655,0.0
335,FLYSBS,SM,427.75,420.0,-7.75,-1.81,800,0.0
336,IRMENERGY,EQ,291.75,297.0,5.25,1.8,3993,0.0
337,ELGIRUBCO,EQ,49.98,50.88,0.9,1.8,3,0.0
338,KRITI,BE,83.5,82.0,-1.5,-1.8,100,0.0
339,PDMJEPAPER,EQ,81.48,82.94,1.46,1.79,125,0.0
340,SIGNPOST,EQ,281.85,286.9,5.05,1.79,485,0.0
341,GULFOILLUB,EQ,947.65,930.65,-17.0,-1.79,91,0.0
342,AEQUS,EQ,180.23,177.0,-3.23,-1.79,18956,0.0
343,GVKPIL,BE,3.38,3.32,-0.06,-1.78,36043,0.0
344,SUDARCOLOR,EQ,343.1,337.0,-6.1,-1.78,1,0.0
345,UNITECH,EQ,4.52,4.6,0.08,1.77,17177,0.0
346,AEROENTER,EQ,101.93,103.72,1.79,1.76,1500,0.0
347,PRADPME,EQ,374.65,381.25,6.6,1.76,6,0.0
348,AVADHSUGAR,BE,496.75,488.0,-8.75,-1.76,10,0.0
349,CIFL,EQ,28.5,29.0,0.5,1.75,43,0.0
350,AIIL,EQ,478.35,470.0,-8.35,-1.75,2995,0.0
351,PIXTRANS,EQ,1525.5,1552.0,26.5,1.74,289,0.0
352,AIRAN,EQ,16.05,15.77,-0.28,-1.74,133,0.0
353,BODALCHEM,EQ,69.37,68.16,-1.21,-1.74,1506,0.0
354,MBEL,EQ,290.3,285.25,-5.05,-1.74,1579,0.0
355,MALUPAPER,EQ,32.44,33.0,0.56,1.73,1,0.0
356,JMA,EQ,85.42,86.9,1.48,1.73,1,0.0
357,BETA,EQ,1361.6,1338.0,-23.6,-1.73,290,0.0
358,EMBDL,EQ,68.04,69.21,1.17,1.72,16791,0.0
359,VMARCIND,SM,1179.85,1200.0,20.15,1.71,500,0.0
360,UGARSUGAR,EQ,41.48,42.19,0.71,1.71,2141,0.0
361,QUICKHEAL,EQ,207.45,211.0,3.55,1.71,9288,0.0
362,RGL,EQ,108.35,106.5,-1.85,-1.71,2134,0.0
363,VPRPL,BE,41.52,40.81,-0.71,-1.71,325,0.0
364,JASH,EQ,410.1,403.15,-6.95,-1.69,105,0.0
365,UFO,EQ,72.78,74.0,1.22,1.68,1,0.0
366,RAJRILTD,BE,20.36,20.7,0.34,1.67,1,0.0
367,PTCIL,EQ,17142.0,16855.0,-287.0,-1.67,27,0.0
368,HTMEDIA,EQ,21.57,21.21,-0.36,-1.67,3,0.0
369,SMARTLINK,EQ,148.49,146.01,-2.48,-1.67,108,0.0
370,RTNINDIA,EQ,34.31,34.88,0.57,1.66,25420,0.0
371,VADILALIND,EQ,4307.3,4379.0,71.7,1.66,25,0.0
372,JSWHL,EQ,12339.0,12544.0,205.0,1.66,11,0.0
373,NIMBSPROJ,EQ,225.0,221.26,-3.74,-1.66,368,0.0
374,KCP,EQ,161.21,163.87,2.66,1.65,4650,0.0
375,BANCOINDIA,EQ,593.25,603.0,9.75,1.64,1217,0.0
376,QUESS,EQ,208.61,212.0,3.39,1.63,3038,0.0
377,20MICRONS,EQ,174.65,177.5,2.85,1.63,2190,0.0
378,HUHTAMAKI,EQ,172.91,170.1,-2.81,-1.63,1700,0.0
379,PARACABLES,EQ,54.22,55.1,0.88,1.62,20196,0.0
380,VHL,EQ,3640.1,3581.0,-59.1,-1.62,5,0.0
381,DODLA,EQ,1101.2,1118.9,17.7,1.61,104,0.0
382,BALAJITELE,EQ,113.13,114.95,1.82,1.61,500,0.0
383,BLUECHIP,EQ,1.86,1.89,0.03,1.61,300,0.0
384,JNKINDIA,EQ,351.65,346.0,-5.65,-1.61,1795,0.0
385,GLOBE,EQ,2.49,2.45,-0.04,-1.61,500,0.0
386,DABUR,EQ,473.25,480.8,7.55,1.6,23753,0.0
387,INDOUS,EQ,106.71,105.0,-1.71,-1.6,100,0.0
388,TEMBO,EQ,569.3,560.2,-9.1,-1.6,56,0.0
389,XCHANGING,EQ,65.46,66.5,1.04,1.59,25,0.0
390,RUPA,EQ,142.33,144.6,2.27,1.59,11,0.0
391,KIRIINDUS,EQ,393.7,399.95,6.25,1.59,5071,0.0
392,NAVA,EQ,697.5,708.6,11.1,1.59,2114,0.0
393,CLEDUCATE,BE,42.05,42.72,0.67,1.59,57,0.0
394,VMSTMT,BE,47.2,47.95,0.75,1.59,900,0.0
395,ZEELEARN,EQ,5.7,5.79,0.09,1.58,284,0.0
396,TRANSWORLD,EQ,157.59,155.1,-2.49,-1.58,55,0.0
397,SWELECTES,EQ,628.3,618.4,-9.9,-1.58,144,0.0
398,ALEMBICLTD,EQ,90.43,89.0,-1.43,-1.58,4023,0.0
399,SAHLIBHFI,EQ,73.84,75.0,1.16,1.57,18,0.0
400,TRANSRAILL,EQ,531.35,523.0,-8.35,-1.57,19458,0.0
401,PFIZER,EQ,4725.9,4651.7,-74.2,-1.57,188,0.0
402,ACL,EQ,55.89,55.01,-0.88,-1.57,130,0.0
403,SHARDACROP,EQ,1149.8,1167.7,17.9,1.56,3429,0.0
404,JKLAKSHMI,EQ,651.85,662.05,10.2,1.56,19,0.0
405,VIPULLTD,BE,9.0,8.86,-0.14,-1.56,76,0.0
406,KIRLOSBROS,EQ,1679.0,1705.0,26.0,1.55,786,0.0
407,GKSL,EQ,142.24,144.45,2.21,1.55,5328,0.0
408,KSL,EQ,808.45,795.9,-12.55,-1.55,404,0.0
409,AMAGI,EQ,409.55,403.2,-6.35,-1.55,683,0.0
410,SGMART,EQ,594.8,603.95,9.15,1.54,43,0.0
411,EIHOTEL,EQ,317.9,313.0,-4.9,-1.54,1033,0.0
412,SOMATEX,EQ,108.18,106.51,-1.67,-1.54,150,0.0
413,KALAMANDIR,EQ,108.34,110.0,1.66,1.53,19446,0.0
414,PRABHA,EQ,168.33,170.9,2.57,1.53,1,0.0
415,LLOYDSENGG,EQ,67.47,68.5,1.03,1.53,74896,0.0
416,ELANTAS,EQ,9545.0,9399.0,-146.0,-1.53,9,0.0
417,BATLIBOI,EQ,81.65,80.4,-1.25,-1.53,2000,0.0
418,TRAVELFOOD,EQ,1139.9,1122.6,-17.3,-1.52,324,0.0
419,MVGJL,EQ,160.23,157.8,-2.43,-1.52,1100,0.0
420,NILAINFRA,EQ,8.53,8.4,-0.13,-1.52,22,0.0
421,DPWIRES,EQ,173.03,170.4,-2.63,-1.52,280,0.0
422,DBREALTY,EQ,129.06,127.1,-1.96,-1.52,3039,0.0
423,HPIL,EQ,134.64,132.6,-2.04,-1.52,81,0.0
424,UNIMECH,EQ,960.5,975.0,14.5,1.51,1532,0.0
425,NIPPOBATRY,EQ,384.6,390.4,5.8,1.51,28,0.0
426,PASHUPATI,EQ,86.89,88.2,1.31,1.51,2398,0.0
427,SURAKSHA,EQ,291.9,287.5,-4.4,-1.51,20,0.0
428,ZOTA,EQ,1208.3,1190.0,-18.3,-1.51,325,0.0
429,POCL,EQ,1320.4,1300.5,-19.9,-1.51,710,0.0
430,NPST,EQ,1128.5,1145.4,16.9,1.5,95,0.0
431,GREENLAM,EQ,218.23,221.5,3.27,1.5,302,0.0
432,KDDL,EQ,2286.0,2320.3,34.3,1.5,142,0.0
433,ANTHEM,EQ,799.05,811.0,11.95,1.5,6397,0.0
434,GRAUWEIL,EQ,67.96,68.98,1.02,1.5,2,0.0
435,IMPAL,EQ,1017.3,1002.0,-15.3,-1.5,25,0.0
436,SPECIALITY,EQ,101.52,100.0,-1.52,-1.5,50,0.0
437,SAKSOFT,EQ,141.12,139.0,-2.12,-1.5,849,0.0
438,RESPONIND,EQ,163.75,166.19,2.44,1.49,31,0.0
439,CMPDI,EQ,233.33,236.8,3.47,1.49,63519,0.0
440,DECNGOLD,EQ,116.44,118.17,1.73,1.49,8022,0.0
441,KUANTUM,EQ,76.85,77.99,1.14,1.48,200,0.0
442,RUSTOMJEE,EQ,414.85,421.0,6.15,1.48,216,0.0
443,NESCO,EQ,1218.8,1236.8,18.0,1.48,20,0.0
444,LOVABLE,EQ,72.24,73.3,1.06,1.47,34,0.0
445,KOKUYOCMLN,EQ,92.46,91.1,-1.36,-1.47,35,0.0
446,CARYSIL,EQ,891.25,878.15,-13.1,-1.47,137,0.0
447,BIRLAPREC,EQ,38.38,38.94,0.56,1.46,10,0.0
448,UFBL,EQ,347.05,342.0,-5.05,-1.46,1,0.0
449,JSLL,EQ,738.05,727.25,-10.8,-1.46,2816,0.0
450,KAMDHENU,EQ,25.53,25.9,0.37,1.45,870,0.0
451,SUPREMEINF,EQ,82.2,83.39,1.19,1.45,1,0.0
452,SURYODAY,EQ,172.64,170.14,-2.5,-1.45,1726,0.0
453,FOCUS,EQ,83.89,85.1,1.21,1.44,59,0.0
454,SOLEX,EQ,1251.2,1233.2,-18.0,-1.44,125,0.0
455,RML,EQ,892.15,904.95,12.8,1.43,503,0.0
456,SUBROS,EQ,750.7,740.0,-10.7,-1.43,97,0.0
457,TFCILTD,EQ,75.85,76.93,1.08,1.42,23159,0.0
458,SHALPAINTS,EQ,52.26,53.0,0.74,1.42,200,0.0
459,SAGILITY,EQ,43.09,43.7,0.61,1.42,786433,0.0
460,ALLDIGI,EQ,813.55,802.0,-11.55,-1.42,4,0.0
461,JUSTDIAL,EQ,530.15,522.6,-7.55,-1.42,192,0.0
462,DBCORP,EQ,217.09,214.0,-3.09,-1.42,820,0.0
463,AFIL,BE,9.22,9.35,0.13,1.41,16516,0.0
464,MAWANASUG,BE,107.54,106.02,-1.52,-1.41,11,0.0
465,JUBLINGREA,EQ,712.15,702.1,-10.05,-1.41,1114,0.0
466,BLUSPRING,EQ,68.79,69.75,0.96,1.4,1500,0.0
467,VISAKAIND,EQ,74.09,73.05,-1.04,-1.4,3205,0.0
468,LATTEYS,EQ,26.63,27.0,0.37,1.39,1156,0.0
469,SBCL,EQ,583.1,575.0,-8.1,-1.39,1202,0.0
470,AHLUCONT,EQ,811.45,800.15,-11.3,-1.39,166,0.0
471,MACPOWER,EQ,1176.4,1160.1,-16.3,-1.39,39,0.0
472,CAPLIPOINT,EQ,1815.0,1840.0,25.0,1.38,1141,0.0
473,SUKHJITS,EQ,194.71,197.4,2.69,1.38,2,0.0
474,APTECHT,EQ,99.63,101.0,1.37,1.38,1035,0.0
475,MINDTECK,EQ,202.93,205.7,2.77,1.37,400,0.0
476,RAJRATAN,EQ,406.05,411.6,5.55,1.37,808,0.0
477,AARTIPHARM,EQ,712.7,702.95,-9.75,-1.37,1110,0.0
478,GANESHBE,EQ,89.73,88.5,-1.23,-1.37,2329,0.0
479,GLOBALVECT,EQ,167.29,165.0,-2.29,-1.37,136,0.0
480,BLKASHYAP,EQ,55.25,54.5,-0.75,-1.36,1100,0.0
481,CLEANMAX,EQ,1221.6,1205.0,-16.6,-1.36,1554,0.0
482,KRYSTAL,EQ,621.4,629.8,8.4,1.35,614,0.0
483,SANGAMIND,EQ,492.35,499.0,6.65,1.35,2,0.0
484,PRATHAM,SM,146.0,147.95,1.95,1.34,800,0.0
485,SALSTEEL,BE,58.07,58.85,0.78,1.34,1160,0.0
486,ACMESOLAR,EQ,283.8,280.0,-3.8,-1.34,5391,0.0
487,LUXIND,EQ,1468.9,1449.2,-19.7,-1.34,339,0.0
488,AMRUTANJAN,EQ,557.6,565.0,7.4,1.33,40,0.0
489,GREENPOWER,EQ,11.29,11.44,0.15,1.33,29179,0.0
490,RAJOOENG,EQ,57.21,56.45,-0.76,-1.33,2203,0.0
491,THOMASCOTT,EQ,278.7,275.0,-3.7,-1.33,90,0.0
492,SAIFL,SM,7.5,7.4,-0.1,-1.33,8000,0.0
493,SPCENET,EQ,3.8,3.85,0.05,1.32,1128,0.0
494,SRHHYPOLTD,EQ,510.4,503.65,-6.75,-1.32,1,0.0
495,ORCHPHARMA,EQ,708.65,699.3,-9.35,-1.32,60,0.0
496,MANORAMA,EQ,1396.2,1377.8,-18.4,-1.32,1485,0.0
497,LAXMIINDIA,BE,131.74,130.0,-1.74,-1.32,483,0.0
498,MCLOUD,EQ,25.16,25.49,0.33,1.31,4644,0.0
499,ORIENTELEC,EQ,188.15,190.61,2.46,1.31,2027,0.0
500,PRINCEPIPE,EQ,241.1,244.25,3.15,1.31,428,0.0
501,DHANUKA,EQ,1065.0,1051.0,-14.0,-1.31,129,0.0
502,MOLDTECH,EQ,128.7,127.01,-1.69,-1.31,83,0.0
503,SONATSOFTW,EQ,273.15,276.7,3.55,1.3,16574,0.0
504,NELCAST,EQ,143.94,145.81,1.87,1.3,451,0.0
505,CERA,EQ,5926.5,5849.5,-77.0,-1.3,88,0.0
506,CEWATER,EQ,282.9,286.55,3.65,1.29,85,0.0
507,MAMATA,EQ,398.15,393.0,-5.15,-1.29,415,0.0
508,SUDARSCHEM,EQ,874.7,863.4,-11.3,-1.29,500,0.0
509,THEMISMED,EQ,96.77,95.53,-1.24,-1.28,1514,0.0
510,VRLLOG,EQ,257.5,254.25,-3.25,-1.26,747,0.0
511,ROTO,EQ,56.21,55.5,-0.71,-1.26,2268,0.0
512,SUTLEJTEX,EQ,36.51,36.05,-0.46,-1.26,502,0.0
513,ORIENTCER,EQ,40.0,40.5,0.5,1.25,17,0.0
514,GOKUL,EQ,39.3,38.81,-0.49,-1.25,1,0.0
515,BVCL,EQ,42.54,42.01,-0.53,-1.25,75,0.0
516,SYNCOMF,EQ,13.57,13.4,-0.17,-1.25,11519,0.0
517,MPSLTD,EQ,1620.3,1600.0,-20.3,-1.25,99,0.0
518,AJANTPHARM,EQ,3091.7,3129.9,38.2,1.24,1070,0.0
519,TIRUMALCHM,EQ,203.48,206.0,2.52,1.24,880,0.0
520,NDRAUTO,EQ,821.15,811.0,-10.15,-1.24,378,0.0
521,IMAGICAA,EQ,44.25,43.7,-0.55,-1.24,274,0.0
522,HGINFRA,EQ,634.85,627.0,-7.85,-1.24,2739,0.0
523,HLEGLAS,EQ,327.05,323.0,-4.05,-1.24,294,0.0
524,CENTUM,EQ,2936.0,2900.0,-36.0,-1.23,96,0.0
525,ANTGRAPHIC,EQ,0.82,0.81,-0.01,-1.22,5253,0.0
526,KOTARISUG,EQ,26.32,26.0,-0.32,-1.22,9,0.0
527,MUNJALSHOW,EQ,134.13,132.5,-1.63,-1.22,100,0.0
528,DUCON,BE,3.27,3.23,-0.04,-1.22,2075,0.0
529,GPTHEALTH,EQ,141.85,140.14,-1.71,-1.21,64,0.0
530,ABSMARINE,SM,222.8,220.1,-2.7,-1.21,2000,0.0
531,NRL,EQ,53.35,53.99,0.64,1.2,22,0.0
532,NACLIND,EQ,165.31,167.3,1.99,1.2,30,0.0
533,JARO,EQ,409.55,414.45,4.9,1.2,751,0.0
534,TIIL,EQ,2479.7,2450.0,-29.7,-1.2,9,0.0
535,POKARNA,EQ,828.95,819.0,-9.95,-1.2,286,0.0
536,HAPPYFORGE,EQ,1417.1,1400.1,-17.0,-1.2,90,0.0
537,EPACKPEB,EQ,191.58,189.29,-2.29,-1.2,190,0.0
538,STYLAMIND,EQ,2460.6,2431.4,-29.2,-1.19,8,0.0
539,BALPHARMA,EQ,81.27,80.3,-0.97,-1.19,20,0.0
540,MIRCELECTR,EQ,43.97,44.49,0.52,1.18,3898,0.0
541,THERMAX,EQ,4483.0,4535.8,52.8,1.18,1414,0.0
542,ZODIAC,BE,300.4,303.95,3.55,1.18,344,0.0
543,KAVDEFENCE,BE,62.63,61.9,-0.73,-1.17,1189,0.0
544,CHEVIOT,EQ,1214.2,1200.0,-14.2,-1.17,29,0.0
545,NCLIND,EQ,172.0,170.0,-2.0,-1.16,1250,0.0
546,SILINV,EQ,465.35,459.95,-5.4,-1.16,155,0.0
547,TECHERA,SM,193.45,191.2,-2.25,-1.16,800,0.0
548,MCLEODRUSS,BE,56.3,56.95,0.65,1.15,470,0.0
549,DIXON,EQ,10138.0,10255.0,117.0,1.15,8143,0.0
550,MODISONLTD,EQ,160.16,158.32,-1.84,-1.15,18,0.0
551,ROML,EQ,45.53,46.05,0.52,1.14,250,0.0
552,WHEELS,EQ,1277.5,1263.0,-14.5,-1.14,1224,0.0
553,GPPL,EQ,152.85,151.11,-1.74,-1.14,4585,0.0
554,WINDMACHIN,EQ,305.25,308.7,3.45,1.13,100,0.0
555,AXITA,EQ,8.0,8.09,0.09,1.13,1465,0.0
556,JKIL,EQ,497.35,502.95,5.6,1.13,125,0.0
557,SAATVIKGL,EQ,445.75,450.8,5.05,1.13,400,0.0
558,AVL,EQ,541.05,534.95,-6.1,-1.13,122,0.0
559,SANSERA,EQ,2386.9,2360.0,-26.9,-1.13,404,0.0
560,ARVIND,EQ,442.0,437.0,-5.0,-1.13,2467,0.0
561,GOLDIAM,EQ,383.35,379.0,-4.35,-1.13,8579,0.0
562,SHRIPISTON,EQ,3489.6,3450.0,-39.6,-1.13,155,0.0
563,GICL,EQ,39.26,39.7,0.44,1.12,8957,0.0
564,DAVANGERE,EQ,3.56,3.6,0.04,1.12,6488,0.0
565,NDL,EQ,2.67,2.64,-0.03,-1.12,7004,0.0
566,SUNCLAY,EQ,1430.1,1414.1,-16.0,-1.12,1,0.0
567,PURPLEUTED,SM,361.95,357.9,-4.05,-1.12,250,0.0
568,NOVAAGRI,EQ,27.81,27.5,-0.31,-1.11,57,0.0
569,JTLIND,EQ,74.78,75.6,0.82,1.1,2158,0.0
570,IFBAGRO,EQ,1071.75,1060.0,-11.75,-1.1,46,0.0
571,HINDWAREAP,EQ,215.48,213.11,-2.37,-1.1,500,0.0
572,BLACKROSE,EQ,87.05,88.0,0.95,1.09,2,0.0
573,NETWORK18,EQ,32.14,32.49,0.35,1.09,4184,0.0
574,EBGNG,EQ,431.3,436.0,4.7,1.09,1147,0.0
575,DATAMATICS,EQ,748.55,740.4,-8.15,-1.09,87,0.0
576,TIRUPATIFL,BE,40.54,40.1,-0.44,-1.09,483,0.0
577,ASMS,EQ,7.41,7.49,0.08,1.08,13373,0.0
578,SUNLITE,ST,491.1,496.4,5.3,1.08,300,0.0
579,CRIZAC,EQ,205.97,203.75,-2.22,-1.08,139,0.0
580,OPTIEMUS,EQ,420.2,424.7,4.5,1.07,400,0.0
581,FCL,EQ,27.12,27.41,0.29,1.07,31194,0.0
582,VSTIND,EQ,257.2,259.95,2.75,1.07,3940,0.0
583,WEL,EQ,101.39,100.31,-1.08,-1.07,121,0.0
584,LOTUSDEV,EQ,142.42,140.9,-1.52,-1.07,13935,0.0
585,JBMA,EQ,657.05,664.0,6.95,1.06,4644,0.0
586,DCBBANK,EQ,174.15,176.0,1.85,1.06,8374,0.0
587,SERVOTECH,EQ,89.6,90.55,0.95,1.06,6743,0.0
588,HESTERBIO,EQ,1695.0,1677.0,-18.0,-1.06,3,0.0
589,CHEMPLASTS,EQ,235.03,237.49,2.46,1.05,222,0.0
590,DEVIT,EQ,28.56,28.86,0.3,1.05,102,0.0
591,BAJAJINDEF,EQ,289.4,286.35,-3.05,-1.05,210,0.0
592,3BBLACKBIO,EQ,1234.2,1221.3,-12.9,-1.05,25,0.0
593,GROWW,EQ,183.09,185.0,1.91,1.04,224608,0.0
594,KIRLPNU,EQ,1495.6,1480.0,-15.6,-1.04,267,0.0
595,CAPACITE,EQ,236.65,234.2,-2.45,-1.04,1250,0.0
596,MGL,EQ,1064.4,1053.3,-11.1,-1.04,215,0.0
597,SEIL,EQ,202.07,199.99,-2.08,-1.03,648,0.0
598,CEIGALL,EQ,350.8,347.2,-3.6,-1.03,332,0.0
599,MAHLOG,EQ,374.85,371.0,-3.85,-1.03,45,0.0
600,NOVARTIND,EQ,1263.0,1250.0,-13.0,-1.03,177,0.0
601,MEESHO,EQ,181.88,180.0,-1.88,-1.03,49411,0.0
602,MFSL,EQ,1653.7,1670.5,16.8,1.02,13490,0.0
603,PRECWIRE,EQ,389.05,393.0,3.95,1.02,2014,0.0
604,CENTURYPLY,EQ,771.1,778.95,7.85,1.02,2,0.0
605,SSDL,EQ,61.07,60.45,-0.62,-1.02,14,0.0
606,CIPLA,EQ,1292.3,1279.1,-13.2,-1.02,7203,0.0
607,SARLAPOLY,EQ,92.96,93.9,0.94,1.01,1003,0.0
608,MTNL,EQ,28.71,29.0,0.29,1.01,19066,0.0
609,INDOWIND,BE,9.88,9.98,0.1,1.01,541,0.0
610,RAMANEWS,EQ,30.63,30.32,-0.31,-1.01,1000,0.0
611,RACLGEAR,EQ,1249.9,1262.4,12.5,1.0,63,0.0
612,WIPL,EQ,153.78,155.32,1.54,1.0,66,0.0
613,NATIONALUM,EQ,394.05,398.0,3.95,1.0,28422,0.0
614,MANAKCOAT,EQ,97.08,98.05,0.97,1.0,1302,0.0
615,SUPERHOUSE,EQ,151.43,152.94,1.51,1.0,250,0.0
616,CIGNITITEC,EQ,1313.9,1327.0,13.1,1.0,30,0.0
617,RMDRIP,EQ,19.01,19.2,0.19,1.0,4903,0.0
618,GICHSGFIN,EQ,148.51,150.0,1.49,1.0,402,0.0
619,MKPL,EQ,5.0,5.05,0.05,1.0,265,0.0
620,GALAXYSURF,EQ,1871.3,1852.6,-18.7,-1.0,12,0.0
621,OMINFRAL,EQ,88.92,89.8,0.88,0.99,10,0.0
622,BLIL,EQ,74.66,75.4,0.74,0.99,645,0.0
623,LUMAXIND,EQ,5353.0,5300.0,-53.0,-0.99,62,0.0
624,TIMETECHNO,EQ,177.4,175.65,-1.75,-0.99,2616,0.0
625,CHEMFAB,EQ,430.4,426.15,-4.25,-0.99,13,0.0
626,BAIDFIN,EQ,11.19,11.3,0.11,0.98,9,0.0
627,MANAKSIA,EQ,58.12,57.55,-0.57,-0.98,12,0.0
628,BLUESTONE,EQ,474.2,469.55,-4.65,-0.98,1537,0.0
629,FINEORG,EQ,4577.0,4532.0,-45.0,-0.98,5,0.0
630,MODIS,EQ,365.45,369.0,3.55,0.97,200,0.0
631,URJA,EQ,10.34,10.24,-0.1,-0.97,19282,0.0
632,APOLLOPIPE,EQ,476.1,471.5,-4.6,-0.97,207,0.0
633,DYNAMATECH,EQ,10754.0,10650.0,-104.0,-0.97,236,0.0
634,TVVISION,EQ,5.15,5.1,-0.05,-0.97,8,0.0
635,EMSLIMITED,EQ,332.4,335.6,3.2,0.96,687,0.0
636,BALMLAWRIE,EQ,189.83,188.0,-1.83,-0.96,2330,0.0
637,WONDERLA,EQ,479.6,475.0,-4.6,-0.96,742,0.0
638,AJOONI,EQ,4.21,4.25,0.04,0.95,66,0.0
639,PGHH,EQ,9705.0,9797.0,92.0,0.95,33,0.0
640,MOLDTKPAC,EQ,584.4,589.95,5.55,0.95,224,0.0
641,WIMPLAST,EQ,361.55,365.0,3.45,0.95,300,0.0
642,GENUSPAPER,EQ,12.62,12.5,-0.12,-0.95,5,0.0
643,IOLCP,EQ,105.71,106.7,0.99,0.94,10894,0.0
644,MIDWESTLTD,EQ,1285.9,1298.0,12.1,0.94,24,0.0
645,LIBERTSHOE,EQ,238.3,236.05,-2.25,-0.94,270,0.0
646,SJS,EQ,1968.6,1950.0,-18.6,-0.94,257,0.0
647,ELLEN,EQ,287.7,285.0,-2.7,-0.94,1502,0.0
648,RUCHINFRA,EQ,6.43,6.49,0.06,0.93,362,0.0
649,5PAISA,EQ,306.15,309.0,2.85,0.93,39,0.0
650,JUNIPER,EQ,200.14,202.0,1.86,0.93,85,0.0
651,OBCL,EQ,56.18,56.7,0.52,0.93,2,0.0
652,GREENPLY,EQ,257.5,259.9,2.4,0.93,1170,0.0
653,ANURAS,EQ,1359.5,1372.2,12.7,0.93,117,0.0
654,ATLASCYCLE,EQ,99.07,99.99,0.92,0.93,20,0.0
655,A2ZINFRA,BE,16.15,16.0,-0.15,-0.93,2000,0.0
656,BHARTIARTL,EQ,1756.8,1740.5,-16.3,-0.93,70101,0.0
657,JUBLCPL,EQ,1813.8,1797.0,-16.8,-0.93,1,0.0
658,BORANA,EQ,332.1,329.0,-3.1,-0.93,4,0.0
659,GINNIFILA,EQ,41.74,41.35,-0.39,-0.93,1000,0.0
660,FDC,EQ,375.7,372.2,-3.5,-0.93,84,0.0
661,KOHINOOR,EQ,24.87,25.1,0.23,0.92,260,0.0
662,ORIENTPPR,EQ,17.32,17.48,0.16,0.92,140,0.0
663,SHREDIGCEM,EQ,71.81,72.47,0.66,0.92,250,0.0
664,STEELCAS,EQ,278.6,276.05,-2.55,-0.92,50,0.0
665,AEGISVOPAK,EQ,202.67,200.81,-1.86,-0.92,506,0.0
666,WCIL,EQ,102.06,102.99,0.93,0.91,30,0.0
667,NEOGEN,EQ,1635.1,1650.0,14.9,0.91,537,0.0
668,NIVABUPA,EQ,83.76,83.0,-0.76,-0.91,12702,0.0
669,POWERMECH,EQ,2396.9,2375.0,-21.9,-0.91,102,0.0
670,MUKKA,EQ,24.12,23.9,-0.22,-0.91,923,0.0
671,PREMIERENE,EQ,966.8,958.0,-8.8,-0.91,4079,0.0
672,VAKRANGEE,EQ,6.56,6.5,-0.06,-0.91,3670,0.0
673,KRIDHANINF,EQ,3.28,3.25,-0.03,-0.91,20840,0.0
674,MENONBE,EQ,137.06,138.3,1.24,0.9,100,0.0
675,AVONMORE,EQ,11.06,11.16,0.1,0.9,1000,0.0
676,JSWDULUX,EQ,2922.8,2949.0,26.2,0.9,26,0.0
677,AMIRCHAND,EQ,131.31,132.49,1.18,0.9,867,0.0
678,SANOFICONR,EQ,4611.9,4570.5,-41.4,-0.9,7,0.0
679,TIPSMUSIC,EQ,641.8,636.05,-5.75,-0.9,1427,0.0
680,M&MFIN,EQ,326.95,324.0,-2.95,-0.9,2573,0.0
681,IKIO,EQ,161.48,160.02,-1.46,-0.9,800,0.0
682,AFFLE,EQ,1585.3,1571.0,-14.3,-0.9,762,0.0
683,RSL,EQ,138.41,137.16,-1.25,-0.9,551,0.0
684,ARIS,EQ,144.9,143.59,-1.31,-0.9,980,0.0
685,QUINT,EQ,39.91,39.55,-0.36,-0.9,1,0.0
686,SHAH,EQ,5.6,5.65,0.05,0.89,34275,0.0
687,KRBL,EQ,349.55,352.65,3.1,0.89,932,0.0
688,BHAGYANGR,BE,320.6,323.45,2.85,0.89,5532,0.0
689,RELIABLE,EQ,116.96,118.0,1.04,0.89,94,0.0
690,VIRINCHI,BE,16.83,16.98,0.15,0.89,25,0.0
691,NH,EQ,1846.6,1830.1,-16.5,-0.89,1345,0.0
692,JYOTISTRUC,EQ,12.37,12.26,-0.11,-0.89,77503,0.0
693,GENUSPOWER,EQ,307.7,304.95,-2.75,-0.89,1559,0.0
694,TVSELECT,EQ,479.7,483.9,4.2,0.88,329,0.0
695,RHIM,EQ,386.35,389.75,3.4,0.88,160,0.0
696,MSUMI,EQ,39.8,40.15,0.35,0.88,22875,0.0
697,JLHL,EQ,1234.2,1245.1,10.9,0.88,77,0.0
698,VINCOFE,EQ,128.53,127.4,-1.13,-0.88,3149,0.0
699,ZAGGLE,EQ,282.48,280.0,-2.48,-0.88,21539,0.0
700,PRESTIGE,EQ,1380.8,1368.7,-12.1,-0.88,2070,0.0
701,TALBROAUTO,EQ,312.75,310.0,-2.75,-0.88,3194,0.0
702,VARDMNPOLY,BE,6.81,6.75,-0.06,-0.88,1000,0.0
703,DHAMPURSUG,EQ,151.68,153.0,1.32,0.87,1611,0.0
704,BHARTIHEXA,EQ,1464.8,1477.5,12.7,0.87,350,0.0
705,CHALET,EQ,759.15,765.75,6.6,0.87,62,0.0
706,INTERARCH,EQ,2026.2,2043.9,17.7,0.87,464,0.0
707,PETRONET,EQ,271.15,273.5,2.35,0.87,3719,0.0
708,INDOCO,EQ,217.8,219.7,1.9,0.87,45,0.0
709,SUVEN,EQ,216.38,214.5,-1.88,-0.87,247,0.0
710,JISLJALEQS,EQ,32.3,32.02,-0.28,-0.87,10060,0.0
711,MOKSH,EQ,12.73,12.84,0.11,0.86,1,0.0
712,SAILIFE,EQ,1083.8,1093.1,9.3,0.86,1634,0.0
713,DELTACORP,EQ,72.14,72.76,0.62,0.86,1862,0.0
714,YATRA,EQ,97.5,98.34,0.84,0.86,3242,0.0
715,STALLION,EQ,147.29,148.55,1.26,0.86,1654,0.0
716,KMSUGAR,EQ,29.06,28.81,-0.25,-0.86,1025,0.0
717,GREENPANEL,EQ,214.35,212.51,-1.84,-0.86,81,0.0
718,KARMAENG,EQ,49.57,49.99,0.42,0.85,1,0.0
719,MASTERTR,EQ,83.29,84.0,0.71,0.85,2831,0.0
720,LANDMARK,EQ,371.85,375.0,3.15,0.85,22,0.0
721,SANGHVIMOV,EQ,312.35,315.0,2.65,0.85,1633,0.0
722,SWANCORP,EQ,322.55,325.3,2.75,0.85,3026,0.0
723,ONGC,EQ,294.5,297.0,2.5,0.85,122217,0.0
724,FILATEX,EQ,42.37,42.01,-0.36,-0.85,4381,0.0
725,ENTERO,EQ,1210.3,1200.0,-10.3,-0.85,261,0.0
726,SUNDARMFIN,EQ,4599.2,4560.0,-39.2,-0.85,34,0.0
727,ALKEM,EQ,5496.5,5450.0,-46.5,-0.85,31,0.0
728,MMFL,EQ,445.55,449.3,3.75,0.84,46,0.0
729,WEWORK,EQ,496.7,500.85,4.15,0.84,64,0.0
730,RPPL,EQ,17.85,17.7,-0.15,-0.84,11,0.0
731,RAMRAT,EQ,423.35,419.8,-3.55,-0.84,387,0.0
732,THYROCARE,EQ,475.0,471.0,-4.0,-0.84,1690,0.0
733,BELRISE,EQ,205.3,207.0,1.7,0.83,16859,0.0
734,HFCL,EQ,147.78,149.0,1.22,0.83,233414,0.0
735,POLYMED,EQ,1671.1,1685.0,13.9,0.83,727,0.0
736,MAXHEALTH,EQ,1017.7,1009.3,-8.4,-0.83,5129,0.0
737,ANDHRSUGAR,EQ,93.43,92.65,-0.78,-0.83,2900,0.0
738,SPLPETRO,EQ,696.8,691.05,-5.75,-0.83,100,0.0
739,JINDWORLD,EQ,29.09,28.85,-0.24,-0.83,3273,0.0
740,SUMEETINDS,EQ,30.0,29.75,-0.25,-0.83,328,0.0
741,JSWCEMENT,EQ,121.41,120.4,-1.01,-0.83,5487,0.0
742,BHARATSE,EQ,188.46,190.0,1.54,0.82,273,0.0
743,MANALIPETC,EQ,55.05,55.5,0.45,0.82,154,0.0
744,PACEDIGITK,EQ,188.46,190.0,1.54,0.82,15497,0.0
745,VSTL,EQ,126.23,125.2,-1.03,-0.82,5,0.0
746,GMMPFAUDLR,EQ,862.2,855.1,-7.1,-0.82,95,0.0
747,AVG,EQ,161.82,160.5,-1.32,-0.82,26,0.0
748,GMRAIRPORT,EQ,94.69,95.46,0.77,0.81,29468,0.0
749,TVSHLTD,EQ,13996.0,14110.0,114.0,0.81,1,0.0
750,RALLIS,EQ,266.85,269.0,2.15,0.81,3535,0.0
751,MARKSANS,EQ,198.4,200.0,1.6,0.81,6668,0.0
752,VMART,EQ,641.8,647.0,5.2,0.81,443,0.0
753,GALAPREC,EQ,819.7,826.25,6.55,0.8,108,0.0
754,PARAS,EQ,800.6,807.0,6.4,0.8,5908,0.0
755,EUREKAFORB,EQ,499.5,503.5,4.0,0.8,261,0.0
756,SHAKTIPUMP,EQ,528.15,532.4,4.25,0.8,3779,0.0
757,DAMCAPITAL,EQ,156.32,157.57,1.25,0.8,1159,0.0
758,UDS,EQ,167.66,169.0,1.34,0.8,1002,0.0
759,RPEL,EQ,743.5,749.45,5.95,0.8,150,0.0
760,CAMLINFINE,EQ,119.44,120.4,0.96,0.8,968,0.0
761,ARSHIYA,BZ,1.25,1.26,0.01,0.8,2141,0.0
762,WALCHANNAG,EQ,220.73,222.5,1.77,0.8,3964,0.0
763,GANESHCP,EQ,195.77,197.34,1.57,0.8,1,0.0
764,NEPHROPLUS,EQ,573.2,577.8,4.6,0.8,178,0.0
765,MOTILALOFS,EQ,841.7,835.0,-6.7,-0.8,3010,0.0
766,TCI,EQ,910.3,903.0,-7.3,-0.8,63,0.0
767,UTKARSHBNK,EQ,13.74,13.63,-0.11,-0.8,18403,0.0
768,JAYAGROGN,EQ,208.15,209.8,1.65,0.79,35,0.0
769,DEEPINDS,EQ,459.35,463.0,3.65,0.79,1441,0.0
770,SHADOWFAX,EQ,163.71,165.0,1.29,0.79,1929,0.0
771,CPPLUS,EQ,2509.8,2490.0,-19.8,-0.79,202,0.0
772,BOSCH-HCIL,EQ,1436.3,1425.0,-11.3,-0.79,102,0.0
773,KHADIM,EQ,100.22,101.0,0.78,0.78,7,0.0
774,HARIOMPIPE,EQ,313.55,316.0,2.45,0.78,604,0.0
775,ATALREAL,EQ,28.28,28.5,0.22,0.78,100,0.0
776,POWERICA,EQ,494.65,498.5,3.85,0.78,519,0.0
777,GLOSTERLTD,EQ,651.15,646.05,-5.1,-0.78,300,0.0
778,RIIL,EQ,766.9,760.9,-6.0,-0.78,368,0.0
779,MTARTECH,EQ,6248.5,6200.0,-48.5,-0.78,15565,0.0
780,GULFPETRO,EQ,33.46,33.2,-0.26,-0.78,116,0.0
781,ETERNAL,EQ,239.98,238.1,-1.88,-0.78,348471,0.0
782,GAUDIUMIVF,BE,110.75,109.89,-0.86,-0.78,648,0.0
783,DENTA,EQ,267.85,269.9,2.05,0.77,592,0.0
784,DHANBANK,EQ,31.24,31.0,-0.24,-0.77,416,0.0
785,ADISOFT,ST,220.7,219.0,-1.7,-0.77,800,0.0
786,DCXINDIA,EQ,196.91,198.4,1.49,0.76,3338,0.0
787,CLSEL,EQ,271.35,273.4,2.05,0.76,775,0.0
788,RAJMET,BE,3.97,4.0,0.03,0.76,1087,0.0
789,PROTEAN,EQ,533.25,537.3,4.05,0.76,256,0.0
790,KITEX,EQ,156.81,158.0,1.19,0.76,6782,0.0
791,BCLIND,EQ,34.24,34.5,0.26,0.76,582,0.0
792,VARDHACRLC,EQ,43.63,43.3,-0.33,-0.76,595,0.0
793,SBILIFE,EQ,1833.9,1820.0,-13.9,-0.76,5499,0.0
794,DHARMAJ,EQ,262.3,260.3,-2.0,-0.76,60,0.0
795,METROBRAND,EQ,1027.9,1020.1,-7.8,-0.76,8,0.0
796,RPSGVENT,EQ,998.65,991.05,-7.6,-0.76,32,0.0
797,UNIVCABLES,EQ,1040.2,1048.0,7.8,0.75,525,0.0
798,DIGITIDE,EQ,97.17,97.9,0.73,0.75,533,0.0
799,SAREGAMA,EQ,332.8,335.3,2.5,0.75,308,0.0
800,360ONE,EQ,1078.1,1070.0,-8.1,-0.75,201,0.0
801,TECHNOE,EQ,1200.1,1191.1,-9.0,-0.75,448,0.0
802,GLOTTIS,EQ,58.46,58.02,-0.44,-0.75,529,0.0
803,ABBOTINDIA,EQ,26900.0,27100.0,200.0,0.74,20,0.0
804,MANINFRA,EQ,130.24,131.2,0.96,0.74,19009,0.0
805,URBANCO,EQ,122.1,123.0,0.9,0.74,16679,0.0
806,ZENSARTECH,EQ,508.65,504.9,-3.75,-0.74,685,0.0
807,SUNFLAG,EQ,365.7,363.0,-2.7,-0.74,2996,0.0
808,SHIVALIK,EQ,257.75,255.85,-1.9,-0.74,24,0.0
809,CUPID,EQ,119.62,120.49,0.87,0.73,106065,0.0
810,SAMPANN,EQ,27.3,27.5,0.2,0.73,20,0.0
811,BBL,EQ,2575.7,2557.0,-18.7,-0.73,148,0.0
812,KERNEX,EQ,1374.0,1364.0,-10.0,-0.73,1325,0.0
813,HOMEFIRST,EQ,1108.2,1100.1,-8.1,-0.73,66,0.0
814,NITINSPIN,EQ,497.35,500.95,3.6,0.72,507,0.0
815,HITECH,EQ,84.58,85.19,0.61,0.72,1264,0.0
816,JAYNECOIND,EQ,103.6,102.85,-0.75,-0.72,36009,0.0
817,BAJEL,EQ,167.71,166.5,-1.21,-0.72,698,0.0
818,LINC,EQ,99.06,98.35,-0.71,-0.72,261,0.0
819,MAFATIND,EQ,135.98,135.0,-0.98,-0.72,189,0.0
820,KPL,EQ,1675.1,1663.0,-12.1,-0.72,50,0.0
821,BBOX,EQ,829.15,835.0,5.85,0.71,13968,0.0
822,UNITDSPR,EQ,1247.5,1256.4,8.9,0.71,1274,0.0
823,JWL,EQ,275.05,277.0,1.95,0.71,13368,0.0
824,LTTS,EQ,3603.7,3578.0,-25.7,-0.71,534,0.0
825,GODIGIT,EQ,309.2,307.0,-2.2,-0.71,920,0.0
826,WABAG,EQ,1374.7,1365.0,-9.7,-0.71,926,0.0
827,AWFIS,EQ,366.4,363.8,-2.6,-0.71,626,0.0
828,ABSLAMC,EQ,1055.1,1047.6,-7.5,-0.71,559,0.0
829,VENUSREM,EQ,931.7,925.1,-6.6,-0.71,51,0.0
830,PTC,EQ,201.93,200.5,-1.43,-0.71,2202,0.0
831,MANKIND,EQ,2378.9,2362.0,-16.9,-0.71,857,0.0
832,SAMMAANCAP,EQ,139.41,140.38,0.97,0.7,43770,0.0
833,IFCI,EQ,61.07,61.5,0.43,0.7,62572,0.0
834,HATSUN,EQ,930.55,937.05,6.5,0.7,1,0.0
835,PRAKASHSTL,EQ,4.3,4.27,-0.03,-0.7,413,0.0
836,HUBTOWN,EQ,216.71,215.2,-1.51,-0.7,249,0.0
837,DALMIASUG,EQ,371.1,368.5,-2.6,-0.7,925,0.0
838,PITTIENG,EQ,921.45,915.0,-6.45,-0.7,72,0.0
839,QUADFUTURE,EQ,302.9,305.0,2.1,0.69,404,0.0
840,RKFORGE,EQ,582.0,586.0,4.0,0.69,1469,0.0
841,MUFIN,EQ,112.92,113.7,0.78,0.69,1297,0.0
842,OBEROIRLTY,EQ,1626.7,1638.0,11.3,0.69,565,0.0
843,TEJASNET,EQ,460.8,464.0,3.2,0.69,11542,0.0
844,SMCGLOBAL,EQ,61.08,61.5,0.42,0.69,24,0.0
845,HEROMOTOCO,EQ,5082.5,5117.5,35.0,0.69,4613,0.0
846,POONAWALLA,EQ,422.05,424.95,2.9,0.69,2537,0.0
847,VCL,EQ,1.45,1.46,0.01,0.69,50,0.0
848,DGCONTENT,EQ,28.8,29.0,0.2,0.69,100,0.0
849,VBL,EQ,488.35,485.0,-3.35,-0.69,14450,0.0
850,RATNAMANI,EQ,2859.8,2840.0,-19.8,-0.69,32,0.0
851,ABDL,EQ,567.45,563.55,-3.9,-0.69,435,0.0
852,ASTRAMICRO,EQ,1108.7,1101.0,-7.7,-0.69,1667,0.0
853,HINDPETRO,EQ,369.9,372.4,2.5,0.68,8670,0.0
854,INDIANB,EQ,821.4,827.0,5.6,0.68,3312,0.0
855,KPIL,EQ,1232.6,1241.0,8.4,0.68,4411,0.0
856,APCOTEXIND,EQ,486.7,490.0,3.3,0.68,250,0.0
857,STCINDIA,EQ,114.27,115.05,0.78,0.68,148,0.0
858,PICCADIL,EQ,591.0,595.0,4.0,0.68,215,0.0
859,3MINDIA,EQ,31000.0,30790.0,-210.0,-0.68,4,0.0
860,ENDURANCE,EQ,2578.8,2596.0,17.2,0.67,412,0.0
861,MIDHANI,EQ,389.4,392.0,2.6,0.67,3359,0.0
862,SIKKO,EQ,4.48,4.45,-0.03,-0.67,3310,0.0
863,SPMLINFRA,EQ,200.35,199.0,-1.35,-0.67,3354,0.0
864,POWERGRID,EQ,306.3,304.25,-2.05,-0.67,142841,0.0
865,TIL,EQ,196.69,197.99,1.3,0.66,40,0.0
866,PRIVISCL,EQ,3198.7,3219.8,21.1,0.66,563,0.0
867,BBTC,EQ,1465.6,1475.2,9.6,0.66,440,0.0
868,PILANIINVS,EQ,4563.5,4533.5,-30.0,-0.66,56,0.0
869,BBTCL,EQ,191.26,190.0,-1.26,-0.66,101,0.0
870,IRCTC,EQ,534.0,530.5,-3.5,-0.66,5910,0.0
871,EDELWEISS,EQ,118.8,118.01,-0.79,-0.66,7928,0.0
872,LODHA,EQ,879.35,873.55,-5.8,-0.66,7739,0.0
873,MADRASFERT,EQ,71.18,70.71,-0.47,-0.66,5101,0.0
874,CONCOR,EQ,516.0,512.6,-3.4,-0.66,2002,0.0
875,SYMPHONY,EQ,764.85,769.8,4.95,0.65,71,0.0
876,RAMKY,EQ,465.9,468.95,3.05,0.65,24,0.0
877,SRF,EQ,2721.2,2738.9,17.7,0.65,526,0.0
878,BIKAJI,EQ,658.2,662.5,4.3,0.65,182,0.0
879,VIMTALABS,EQ,466.05,463.0,-3.05,-0.65,437,0.0
880,NYKAA,EQ,260.65,258.95,-1.7,-0.65,1915,0.0
881,SUPREMEIND,EQ,3534.1,3511.0,-23.1,-0.65,203,0.0
882,GNA,EQ,384.75,382.25,-2.5,-0.65,100,0.0
883,ASKAUTOLTD,EQ,425.6,422.85,-2.75,-0.65,895,0.0
884,VIKASLIFE,BE,1.53,1.52,-0.01,-0.65,17722,0.0
885,ATULAUTO,EQ,476.9,479.95,3.05,0.64,441,0.0
886,TARIL,EQ,298.1,300.0,1.9,0.64,6999,0.0
887,NAVKARCORP,EQ,95.34,95.95,0.61,0.64,1013,0.0
888,STERTOOLS,EQ,233.0,234.5,1.5,0.64,401,0.0
889,ARSSBL,EQ,546.45,549.95,3.5,0.64,1767,0.0
890,APLAPOLLO,EQ,1881.2,1869.1,-12.1,-0.64,1841,0.0
891,CRAFTSMAN,EQ,8688.0,8632.5,-55.5,-0.64,345,0.0
892,VIJAYA,EQ,1279.2,1271.0,-8.2,-0.64,67,0.0
893,BMWVENTLTD,EQ,62.4,62.0,-0.4,-0.64,150,0.0
894,HINDALCO,EQ,1041.4,1048.0,6.6,0.63,39402,0.0
895,GLOBAL,EQ,107.31,107.99,0.68,0.63,1014,0.0
896,KANANIIND,EQ,1.6,1.61,0.01,0.63,217,0.0
897,TBOTEK,EQ,1169.4,1162.0,-7.4,-0.63,21,0.0
898,INDBANK,EQ,33.21,33.0,-0.21,-0.63,30,0.0
899,ZENTEC,EQ,1587.0,1577.0,-10.0,-0.63,1390,0.0
900,SHANTIGOLD,EQ,207.02,205.71,-1.31,-0.63,11717,0.0
901,OBSCP,SM,372.95,370.6,-2.35,-0.63,1200,0.0
902,PAISALO,EQ,44.95,45.23,0.28,0.62,42995,0.0
903,PNCINFRA,EQ,218.75,220.11,1.36,0.62,2027,0.0
904,GANDHAR,EQ,141.13,142.0,0.87,0.62,1746,0.0
905,ATGL,EQ,591.3,594.95,3.65,0.62,10825,0.0
906,ELIN,EQ,118.27,119.0,0.73,0.62,311,0.0
907,ASAHIINDIA,EQ,813.05,808.0,-5.05,-0.62,147,0.0
908,JBCHEPHARM,EQ,2135.3,2122.1,-13.2,-0.62,230,0.0
909,SHREECEM,EQ,24860.0,24705.0,-155.0,-0.62,13,0.0
910,TITAN,EQ,4055.3,4030.0,-25.3,-0.62,29567,0.0
911,HEIDELBERG,EQ,154.06,153.11,-0.95,-0.62,304,0.0
912,ESTER,EQ,94.42,95.0,0.58,0.61,1301,0.0
913,VINDHYATEL,EQ,1628.1,1638.0,9.9,0.61,156,0.0
914,HEXT,EQ,494.75,491.75,-3.0,-0.61,1134,0.0
915,BLACKBUCK,EQ,534.25,531.0,-3.25,-0.61,2285,0.0
916,SPENCERS,EQ,36.27,36.05,-0.22,-0.61,101,0.0
917,FUSION,EQ,202.75,201.51,-1.24,-0.61,7019,0.0
918,UJJIVANSFB,EQ,57.25,56.9,-0.35,-0.61,50121,0.0
919,TEAMLEASE,EQ,1374.7,1383.0,8.3,0.6,207,0.0
920,PDSL,EQ,285.0,286.7,1.7,0.6,5,0.0
921,ESSENTIA,EQ,1.67,1.68,0.01,0.6,8223,0.0
922,GANESHHOU,EQ,662.6,666.6,4.0,0.6,12,0.0
923,TENNIND,EQ,609.25,612.9,3.65,0.6,877,0.0
924,UNIECOM,EQ,87.64,87.11,-0.53,-0.6,1225,0.0
925,UTTAMSUGAR,EQ,250.55,249.05,-1.5,-0.6,100,0.0
926,CYIENT,EQ,903.45,898.0,-5.45,-0.6,3717,0.0
927,TORNTPHARM,EQ,4381.9,4355.8,-26.1,-0.6,287,0.0
928,BAJAJST,EQ,418.5,416.0,-2.5,-0.6,2,0.0
929,NRBBEARING,EQ,330.6,330.3,-0.3,0.59,2841,0.0
930,IPCALAB,EQ,1509.1,1518.0,8.9,0.59,118,0.0
931,HERANBA,EQ,208.76,210.0,1.24,0.59,9,0.0
932,JAINREC,EQ,541.8,545.0,3.2,0.59,5673,0.0
933,INDIAMART,EQ,2011.8,2000.0,-11.8,-0.59,213,0.0
934,CAMS,EQ,784.65,780.0,-4.65,-0.59,8848,0.0
935,GEOJITFSL,EQ,69.74,69.33,-0.41,-0.59,120,0.0
936,ACI,EQ,597.5,594.0,-3.5,-0.59,926,0.0
937,EVEREADY,EQ,317.0,318.85,1.85,0.58,310,0.0
938,TATASTEEL,EQ,212.0,213.24,1.24,0.58,53096,0.0
939,ESCORTS,EQ,2960.7,2977.9,17.2,0.58,217,0.0
940,GMDCLTD,EQ,643.1,646.8,3.7,0.58,5315,0.0
941,KSCL,EQ,949.5,955.0,5.5,0.58,261,0.0
942,REDINGTON,EQ,210.69,211.91,1.22,0.58,3181,0.0
943,WIPRO,EQ,189.57,190.67,1.1,0.58,71946,0.0
944,USK,BE,22.32,22.45,0.13,0.58,30,0.0
945,IRB,EQ,20.82,20.7,-0.12,-0.58,28349,0.0
946,CAPILLARY,EQ,533.3,530.2,-3.1,-0.58,64,0.0
947,FINOPB,EQ,125.88,126.6,0.72,0.57,269,0.0
948,AFCONS,EQ,335.1,337.0,1.9,0.57,12673,0.0
949,SMSPHARMA,EQ,402.0,404.3,2.3,0.57,200,0.0
950,GVT&D,EQ,4282.4,4257.8,-24.6,-0.57,2400,0.0
951,RAJSREESUG,EQ,33.39,33.2,-0.19,-0.57,1,0.0
952,IGPL,EQ,447.55,445.0,-2.55,-0.57,24,0.0
953,AAVAS,EQ,1387.0,1379.1,-7.9,-0.57,119,0.0
954,GUJAPOLLO,EQ,410.45,412.75,2.3,0.56,54,0.0
955,GESHIP,EQ,1510.5,1519.0,8.5,0.56,514,0.0
956,GOACARBON,EQ,404.7,406.95,2.25,0.56,115,0.0
957,VALIANTORG,EQ,285.05,286.65,1.6,0.56,343,0.0
958,BOROLTD,EQ,236.68,238.0,1.32,0.56,362,0.0
959,GRMOVER,EQ,158.12,159.0,0.88,0.56,884,0.0
960,PATANJALI,EQ,441.05,443.5,2.45,0.56,5151,0.0
961,SHRIRAMFIN,EQ,930.45,925.2,-5.25,-0.56,39876,0.0
962,ASIANTILES,EQ,60.74,60.4,-0.34,-0.56,1039,0.0
963,PGIL,EQ,1497.9,1489.5,-8.4,-0.56,5,0.0
964,BAJAJCON,EQ,547.95,544.9,-3.05,-0.56,3566,0.0
965,MOREPENLAB,EQ,42.94,42.7,-0.24,-0.56,9216,0.0
966,ONEPOINT,EQ,60.34,60.0,-0.34,-0.56,458,0.0
967,RPTECH,EQ,518.1,520.95,2.85,0.55,302,0.0
968,LAURUSLABS,EQ,1268.0,1275.0,7.0,0.55,7680,0.0
969,AGIIL,EQ,365.8,367.8,2.0,0.55,2643,0.0
970,SOBHA,EQ,1394.3,1402.0,7.7,0.55,296,0.0
971,GIPCL,EQ,146.17,146.97,0.8,0.55,516,0.0
972,OSWALPUMPS,EQ,399.8,402.0,2.2,0.55,2156,0.0
973,SEAMECLTD,EQ,1480.1,1472.0,-8.1,-0.55,50,0.0
974,BEPL,EQ,94.57,94.05,-0.52,-0.55,730,0.0
975,DOMS,EQ,2261.4,2249.0,-12.4,-0.55,222,0.0
976,ITDC,EQ,568.1,565.0,-3.1,-0.55,50,0.0
977,TNPL,EQ,152.85,152.01,-0.84,-0.55,86,0.0
978,HARSHA,EQ,412.25,410.0,-2.25,-0.55,335,0.0
979,TMPV,EQ,336.85,335.0,-1.85,-0.55,43459,0.0
980,UGROCAP,EQ,99.66,100.2,0.54,0.54,141,0.0
981,SCILAL,EQ,48.29,48.55,0.26,0.54,1109,0.0
982,LAOPALA,EQ,174.74,175.69,0.95,0.54,56,0.0
983,CANFINHOME,EQ,831.85,836.35,4.5,0.54,511,0.0
984,BEML,EQ,1792.9,1802.5,9.6,0.54,1712,0.0
985,EASEMYTRIP,EQ,7.35,7.39,0.04,0.54,43007,0.0
986,AIAENG,EQ,3749.8,3770.0,20.2,0.54,72,0.0
987,DIVISLAB,EQ,6644.0,6680.0,36.0,0.54,351,0.0
988,DIFFNKG,EQ,303.85,305.5,1.65,0.54,85,0.0
989,NOIDATOLL,EQ,3.73,3.75,0.02,0.54,130,0.0
990,DOLATALGO,EQ,76.46,76.05,-0.41,-0.54,99,0.0
991,EKC,EQ,115.72,115.1,-0.62,-0.54,214,0.0
992,CYIENTDLM,EQ,417.25,415.0,-2.25,-0.54,623,0.0
993,INDOFARM,EQ,135.83,135.1,-0.73,-0.54,73,0.0
994,AARNAV,EQ,22.12,22.0,-0.12,-0.54,61,0.0
995,EIEL,EQ,203.03,204.1,1.07,0.53,5646,0.0
996,PPLPHARMA,EQ,176.56,177.5,0.94,0.53,7247,0.0
997,RAINBOW,EQ,1263.2,1269.9,6.7,0.53,143,0.0
998,HPL,EQ,348.1,349.95,1.85,0.53,986,0.0
999,CHENNPETRO,EQ,1009.7,1015.1,5.4,0.53,2724,0.0
1000,AMANTA,EQ,134.29,135.0,0.71,0.53,51,0.0
1001,TI,EQ,442.35,440.0,-2.35,-0.53,1656,0.0
1002,AARTIIND,EQ,468.5,466.0,-2.5,-0.53,2396,0.0
1003,GLENMARK,EQ,2257.1,2245.2,-11.9,-0.53,364,0.0
1004,ASHOKA,EQ,127.23,126.55,-0.68,-0.53,2414,0.0
1005,TARAPUR,EQ,22.5,22.38,-0.12,-0.53,1,0.0
1006,ASTEC,EQ,671.5,675.0,3.5,0.52,5,0.0
1007,PANACEABIO,EQ,365.55,367.45,1.9,0.52,309,0.0
1008,GPTINFRA,EQ,112.81,113.4,0.59,0.52,415,0.0
1009,SBFC,EQ,92.76,93.24,0.48,0.52,1421,0.0
1010,ROSSARI,EQ,507.25,509.9,2.65,0.52,199,0.0
1011,COASTCORP,EQ,58.2,58.5,0.3,0.52,251,0.0
1012,INNOVACAP,EQ,871.85,876.4,4.55,0.52,77,0.0
1013,APOLLOHOSP,EQ,8022.5,7981.0,-41.5,-0.52,507,0.0
1014,ESAFSFB,EQ,28.61,28.46,-0.15,-0.52,5885,0.0
1015,HCL-INSYS,EQ,11.51,11.45,-0.06,-0.52,741,0.0
1016,ORCHASP,EQ,1.97,1.98,0.01,0.51,2000,0.0
1017,BAHETI,SM,600.75,603.8,3.05,0.51,375,0.0
1018,TPLPLASTEH,EQ,63.32,63.64,0.32,0.51,30,0.0
1019,KOTAKBANK,EQ,376.0,377.9,1.9,0.51,77838,0.0
1020,ATUL,EQ,6851.5,6886.5,35.0,0.51,7,0.0
1021,HCC,EQ,21.74,21.85,0.11,0.51,74205,0.0
1022,SCI,EQ,325.35,327.0,1.65,0.51,17862,0.0
1023,OIL,EQ,490.95,493.45,2.5,0.51,46751,0.0
1024,GOCLCORP,EQ,306.35,307.9,1.55,0.51,105,0.0
1025,CAPITALSFB,EQ,276.75,278.15,1.4,0.51,129,0.0
1026,ADVENTHTL,EQ,159.19,160.0,0.81,0.51,222,0.0
1027,ROHLTD,EQ,326.65,325.0,-1.65,-0.51,19,0.0
1028,KIMS,EQ,750.1,746.25,-3.85,-0.51,1639,0.0
1029,PNGSREVA,EQ,396.0,394.0,-2.0,-0.51,1233,0.0
1030,KANSAINER,EQ,213.83,214.9,1.07,0.5,3109,0.0
1031,DREDGECORP,EQ,889.85,894.3,4.45,0.5,60,0.0
1032,WELENT,EQ,488.35,490.8,2.45,0.5,93,0.0
1033,DIAMONDYD,EQ,975.1,980.0,4.9,0.5,3,0.0
1034,JAGRAN,EQ,65.75,66.08,0.33,0.5,20,0.0
1035,ACCELYA,EQ,1129.5,1135.1,5.6,0.5,10,0.0
1036,MUKANDLTD,EQ,135.32,136.0,0.68,0.5,1153,0.0
1037,SAKAR,EQ,569.65,572.5,2.85,0.5,1663,0.0
1038,NEXTMEDIA,EQ,4.04,4.06,0.02,0.5,120,0.0
1039,TRUALT,EQ,457.65,459.95,2.3,0.5,1469,0.0
1040,GSPCROP,EQ,420.8,422.9,2.1,0.5,6,0.0
1041,AURIONPRO,EQ,762.2,766.0,3.8,0.5,962,0.0
1042,PRECAM,EQ,158.14,157.35,-0.79,-0.5,1529,0.0
1043,VETO,EQ,108.69,108.15,-0.54,-0.5,5,0.0
1044,IFGLEXPOR,EQ,172.69,171.83,-0.86,-0.5,73,0.0
1045,BHARATWIRE,EQ,232.67,231.5,-1.17,-0.5,602,0.0
1046,FORTIS,EQ,951.15,946.35,-4.8,-0.5,1365,0.0
1047,ANANDRATHI,EQ,3529.8,3512.2,-17.6,-0.5,362,0.0
1048,NATCOPHARM,EQ,1181.9,1176.0,-5.9,-0.5,1308,0.0
1049,SPORTKING,EQ,147.05,146.32,-0.73,-0.5,30,0.0
1050,SWANDEF,BE,1908.1,1898.6,-9.5,-0.5,140,0.0
1051,OSWALAGRO,BE,46.43,46.2,-0.23,-0.5,63,0.0
1052,AFFORDABLE,BE,171.86,171.0,-0.86,-0.5,3,0.0
1053,SOUTHWEST,EQ,220.83,221.92,1.09,0.49,100,0.0
1054,RELTD,EQ,127.85,128.48,0.63,0.49,148,0.0
1055,STYLEBAAZA,EQ,391.15,393.05,1.9,0.49,2809,0.0
1056,CONFIPET,EQ,56.86,57.14,0.28,0.49,879,0.0
1057,J&KBANK,EQ,130.05,130.69,0.64,0.49,8322,0.0
1058,NILKAMAL,EQ,1318.6,1325.1,6.5,0.49,1,0.0
1059,USHAMART,EQ,457.85,460.1,2.25,0.49,361,0.0
1060,BRNL,EQ,20.58,20.68,0.1,0.49,5,0.0
1061,TNPETRO,EQ,86.58,87.0,0.42,0.49,252,0.0
1062,DCI,BE,267.35,268.65,1.3,0.49,5,0.0
1063,CORDSCABLE,EQ,205.97,204.97,-1.0,-0.49,202,0.0
1064,SUMMITSEC,EQ,1557.6,1549.9,-7.7,-0.49,19,0.0
1065,XPROINDIA,EQ,1096.4,1091.0,-5.4,-0.49,2,0.0
1066,VRAJ,EQ,130.4,129.76,-0.64,-0.49,76,0.0
1067,MEDANTA,EQ,1193.1,1187.2,-5.9,-0.49,71,0.0
1068,ICRA,EQ,5326.0,5300.0,-26.0,-0.49,11,0.0
1069,PRSMJOHNSN,EQ,125.51,124.89,-0.62,-0.49,263,0.0
1070,SESHAPAPER,EQ,254.15,252.9,-1.25,-0.49,26,0.0
1071,HAL,EQ,4572.5,4550.0,-22.5,-0.49,4983,0.0
1072,GUFICBIO,EQ,296.45,295.0,-1.45,-0.49,42,0.0
1073,MMTC,EQ,63.56,63.25,-0.31,-0.49,6480,0.0
1074,SUMICHEM,EQ,444.85,442.65,-2.2,-0.49,330,0.0
1075,KSHINTL,EQ,610.55,607.55,-3.0,-0.49,816,0.0
1076,NINSYS,BE,567.1,564.3,-2.8,-0.49,3,0.0
1077,SHRINGARMS,EQ,209.57,208.54,-1.03,-0.49,7588,0.0
1078,AMJLAND,EQ,39.36,39.55,0.19,0.48,1,0.0
1079,ABFRL,EQ,62.4,62.7,0.3,0.48,9731,0.0
1080,PRAKASH,EQ,142.13,142.81,0.68,0.48,669,0.0
1081,SUDEEPPHRM,EQ,631.0,634.0,3.0,0.48,7,0.0
1082,SINDHUTRAD,EQ,23.01,22.9,-0.11,-0.48,20,0.0
1083,UTLSOLAR,EQ,273.6,272.3,-1.3,-0.48,904,0.0
1084,ONELIFECAP,EQ,19.09,19.18,0.09,0.47,1,0.0
1085,RAILTEL,EQ,318.5,320.0,1.5,0.47,5629,0.0
1086,SUNDRMFAST,EQ,826.45,830.35,3.9,0.47,19,0.0
1087,KCPSUGIND,EQ,25.74,25.62,-0.12,-0.47,203,0.0
1088,DCAL,EQ,174.83,174.0,-0.83,-0.47,284,0.0
1089,TATATECH,EQ,615.9,613.0,-2.9,-0.47,3005,0.0
1090,EIDPARRY,EQ,804.15,800.35,-3.8,-0.47,171,0.0
1091,VEEDOL,EQ,1481.9,1475.0,-6.9,-0.47,2,0.0
1092,VIVIMEDLAB,BE,6.45,6.42,-0.03,-0.47,101,0.0
1093,INFOBEAN,EQ,157.32,158.05,0.73,0.46,1062,0.0
1094,PSPPROJECT,EQ,776.75,780.35,3.6,0.46,4,0.0
1095,AJMERA,EQ,117.01,117.55,0.54,0.46,144,0.0
1096,RSYSTEMS,EQ,294.75,296.1,1.35,0.46,125,0.0
1097,FACT,EQ,862.4,866.4,4.0,0.46,213,0.0
1098,CENTRUM,EQ,23.78,23.89,0.11,0.46,100,0.0
1099,DMCC,EQ,306.4,307.8,1.4,0.46,33,0.0
1100,TARACHAND,EQ,59.28,59.55,0.27,0.46,101,0.0
1101,ORISSAMINE,EQ,4094.2,4113.1,18.9,0.46,6,0.0
1102,HMAAGRO,EQ,23.89,23.78,-0.11,-0.46,2333,0.0
1103,NUVAMA,EQ,1548.2,1541.1,-7.1,-0.46,1387,0.0
1104,EXICOM,EQ,113.99,114.5,0.51,0.45,3141,0.0
1105,ECOSMOBLTY,EQ,136.99,137.6,0.61,0.45,1980,0.0
1106,FINPIPE,EQ,168.13,168.89,0.76,0.45,684,0.0
1107,AMBER,EQ,8163.5,8200.0,36.5,0.45,207,0.0
1108,FORCEMOT,EQ,19861.0,19950.0,89.0,0.45,169,0.0
1109,PERSISTENT,EQ,4877.1,4855.0,-22.1,-0.45,822,0.0
1110,SALZERELEC,EQ,715.0,711.8,-3.2,-0.45,258,0.0
1111,SHOPERSTOP,EQ,331.5,330.0,-1.5,-0.45,29,0.0
1112,UNIPARTS,EQ,537.55,535.15,-2.4,-0.45,26,0.0
1113,IOB,EQ,33.65,33.5,-0.15,-0.45,18379,0.0
1114,DEEPAKNTR,EQ,1848.3,1840.0,-8.3,-0.45,568,0.0
1115,ADANIGREEN,EQ,1308.0,1302.1,-5.9,-0.45,15743,0.0
1116,SMLT,EQ,70.42,70.1,-0.32,-0.45,450,0.0
1117,CHOLAFIN,EQ,1561.0,1567.8,6.8,0.44,919,0.0
1118,JSFB,EQ,461.95,464.0,2.05,0.44,112,0.0
1119,ZEEL,EQ,86.12,86.5,0.38,0.44,30386,0.0
1120,AGARIND,EQ,416.65,418.5,1.85,0.44,3,0.0
1121,CAMPUS,EQ,243.61,242.55,-1.06,-0.44,154,0.0
1122,PPL,EQ,193.1,192.25,-0.85,-0.44,288,0.0
1123,JYOTHYLAB,EQ,228.65,227.65,-1.0,-0.44,1521,0.0
1124,CGPOWER,EQ,833.7,830.0,-3.7,-0.44,6527,0.0
1125,TVSSRICHAK,EQ,3722.3,3706.0,-16.3,-0.44,2,0.0
1126,ITC,EQ,300.7,302.0,1.3,0.43,53574,0.0
1127,AVALON,EQ,1291.2,1296.7,5.5,0.43,874,0.0
1128,INDIQUBE,EQ,163.58,164.29,0.71,0.43,90,0.0
1129,UMIYA-MRO,EQ,85.52,85.15,-0.37,-0.43,100,0.0
1130,LUMAXTECH,EQ,1640.0,1633.0,-7.0,-0.43,155,0.0
1131,ESABINDIA,EQ,6721.0,6692.0,-29.0,-0.43,4,0.0
1132,ZUARIIND,EQ,256.85,255.75,-1.1,-0.43,5,0.0
1133,GAYAHWS,EQ,2.35,2.34,-0.01,-0.43,1658,0.0
1134,BFUTILITIE,EQ,546.6,548.9,2.3,0.42,81,0.0
1135,BLISSGVS,EQ,273.8,274.95,1.15,0.42,55826,0.0
1136,IL&FSTRANS,BZ,2.39,2.4,0.01,0.42,529,0.0
1137,AGARWALEYE,EQ,450.2,448.3,-1.9,-0.42,200,0.0
1138,DEEPAKFERT,EQ,1231.9,1226.7,-5.2,-0.42,341,0.0
1139,RBA,EQ,66.38,66.1,-0.28,-0.42,5385,0.0
1140,HILINFRA,BE,50.21,50.0,-0.21,-0.42,600,0.0
1141,GARUDA,EQ,172.68,173.39,0.71,0.41,1148,0.0
1142,KRISHCA,SM,168.8,169.5,0.7,0.41,500,0.0
1143,TARSONS,EQ,214.7,215.57,0.87,0.41,199,0.0
1144,FLUOROCHEM,EQ,3644.9,3660.0,15.1,0.41,301,0.0
1145,INDSWFTLAB,EQ,137.76,137.2,-0.56,-0.41,250,0.0
1146,ASTRAL,EQ,1527.6,1521.4,-6.2,-0.41,1495,0.0
1147,BAGFILMS,EQ,4.83,4.81,-0.02,-0.41,618,0.0
1148,SUZLON,EQ,51.52,51.31,-0.21,-0.41,364780,0.0
1149,RAMCOSYS,EQ,381.8,380.25,-1.55,-0.41,207,0.0
1150,RPGLIFE,EQ,2311.1,2301.6,-9.5,-0.41,46,0.0
1151,LPDC,BE,7.4,7.37,-0.03,-0.41,101,0.0
1152,SIYSIL,EQ,560.75,563.0,2.25,0.4,11,0.0
1153,INDHOTEL,EQ,634.4,636.95,2.55,0.4,8201,0.0
1154,GANGAFORGE,EQ,2.5,2.49,-0.01,-0.4,6649,0.0
1155,KICL,EQ,4834.5,4815.0,-19.5,-0.4,1,0.0
1156,STEELXIND,EQ,10.01,9.97,-0.04,-0.4,7805,0.0
1157,PGEL,EQ,493.9,491.9,-2.0,-0.4,2385,0.0
1158,ASHAPURMIN,EQ,648.55,651.05,2.5,0.39,895,0.0
1159,FEDERALBNK,EQ,284.8,285.9,1.1,0.39,26719,0.0
1160,JINDALSTEL,EQ,1214.3,1219.0,4.7,0.39,1274,0.0
1161,GNFC,EQ,470.15,472.0,1.85,0.39,530,0.0
1162,KPRMILL,EQ,921.45,925.0,3.55,0.39,910,0.0
1163,EVERESTIND,EQ,380.5,382.0,1.5,0.39,16,0.0
1164,IIFLCAPS,EQ,345.35,344.0,-1.35,-0.39,3753,0.0
1165,INOXGREEN,EQ,178.69,178.0,-0.69,-0.39,2167,0.0
1166,RAYMONDREL,EQ,567.2,565.0,-2.2,-0.39,1960,0.0
1167,ECLERX,EQ,1638.4,1632.0,-6.4,-0.39,670,0.0
1168,MAXESTATES,EQ,393.55,392.0,-1.55,-0.39,18,0.0
1169,ALKYLAMINE,EQ,1592.6,1598.7,6.1,0.38,91,0.0
1170,MSTCLTD,EQ,425.3,426.9,1.6,0.38,143,0.0
1171,BASF,EQ,3755.9,3770.0,14.1,0.38,10,0.0
1172,DSSL,EQ,1354.1,1348.9,-5.2,-0.38,156,0.0
1173,VIVIDEL,SM,803.0,799.95,-3.05,-0.38,240,0.0
1174,RITES,EQ,211.8,211.0,-0.8,-0.38,2060,0.0
1175,IGL,EQ,156.81,156.21,-0.6,-0.38,3054,0.0
1176,SADBHIN,EQ,2.72,2.73,0.01,0.37,200,0.0
1177,INDUSINVIT,IV,124.98,125.44,0.46,0.37,613,0.0
1178,GPIL,EQ,282.3,283.35,1.05,0.37,4432,0.0
1179,COMPUSOFT,EQ,13.57,13.62,0.05,0.37,11,0.0
1180,BAJAJHLDNG,EQ,10097.0,10060.0,-37.0,-0.37,87,0.0
1181,RITCO,EQ,234.88,234.0,-0.88,-0.37,1,0.0
1182,FABTECH,EQ,162.8,162.2,-0.6,-0.37,14,0.0
1183,TIMEX,EQ,342.25,341.0,-1.25,-0.37,300,0.0
1184,PRAENG,EQ,22.45,22.53,0.08,0.36,100,0.0
1185,BALUFORGE,EQ,496.15,497.95,1.8,0.36,1339,0.0
1186,WINDLAS,EQ,772.2,775.0,2.8,0.36,75,0.0
1187,SHRIRAMPPS,EQ,85.66,85.97,0.31,0.36,8463,0.0
1188,UFLEX,EQ,421.5,423.0,1.5,0.36,1,0.0
1189,POLYPLEX,EQ,896.75,900.0,3.25,0.36,173,0.0
1190,DOLLAR,EQ,275.8,276.8,1.0,0.36,122,0.0
1191,TMB,EQ,663.5,665.9,2.4,0.36,456,0.0
1192,ATHERENERG,EQ,924.25,927.6,3.35,0.36,10672,0.0
1193,CCAVENUE,EQ,14.05,14.1,0.05,0.36,24900,0.0
1194,NSLNISP,EQ,41.9,41.75,-0.15,-0.36,13214,0.0
1195,GLOBUSSPR,EQ,940.0,936.6,-3.4,-0.36,129,0.0
1196,PIGL,EQ,111.4,111.0,-0.4,-0.36,400,0.0
1197,PRAVEG,EQ,267.1,266.15,-0.95,-0.36,156,0.0
1198,ITI,EQ,283.0,284.0,1.0,0.35,1972,0.0
1199,KEC,EQ,551.7,553.65,1.95,0.35,2153,0.0
1200,CANBK,EQ,130.01,130.46,0.45,0.35,220847,0.0
1201,SBIN,EQ,974.6,978.0,3.4,0.35,42861,0.0
1202,LALPATHLAB,EQ,1587.0,1581.5,-5.5,-0.35,332,0.0
1203,NSIL,EQ,5571.5,5552.0,-19.5,-0.35,1,0.0
1204,GANECOS,EQ,1001.5,998.0,-3.5,-0.35,127,0.0
1205,PHOENIXLTD,EQ,1731.0,1725.0,-6.0,-0.35,393,0.0
1206,RAYMOND,EQ,479.7,478.0,-1.7,-0.35,1276,0.0
1207,AUBANK,EQ,999.6,996.1,-3.5,-0.35,673,0.0
1208,ABCAPITAL,EQ,341.2,340.0,-1.2,-0.35,5477,0.0
1209,WAAREEINDO,BE,403.4,402.0,-1.4,-0.35,120,0.0
1210,LGEINDIA,EQ,1495.3,1490.0,-5.3,-0.35,316,0.0
1211,AARTISURF,EQ,396.4,395.0,-1.4,-0.35,5,0.0
1212,SUNTECK,EQ,304.95,306.0,1.05,0.34,1012,0.0
1213,YASHO,EQ,1683.7,1689.5,5.8,0.34,8,0.0
1214,GENESYS,EQ,218.25,219.0,0.75,0.34,1931,0.0
1215,ADOR,EQ,1022.5,1026.0,3.5,0.34,50,0.0
1216,NDTV,EQ,73.88,74.13,0.25,0.34,342,0.0
1217,MARKOLINES,EQ,160.55,161.1,0.55,0.34,400,0.0
1218,SJVN,EQ,74.25,74.0,-0.25,-0.34,28499,0.0
1219,POLYCAB,EQ,9021.5,8991.0,-30.5,-0.34,1235,0.0
1220,MADHAVIPL,EQ,8.89,8.86,-0.03,-0.34,100,0.0
1221,GOCOLORS,EQ,272.0,272.9,0.9,0.33,109,0.0
1222,EIHAHOTELS,EQ,317.55,318.6,1.05,0.33,147,0.0
1223,NELCO,EQ,675.8,678.0,2.2,0.33,267,0.0
1224,ANGELONE,EQ,299.1,300.1,1.0,0.33,10742,0.0
1225,FEDFINA,EQ,149.51,150.0,0.49,0.33,9925,0.0
1226,TATACOMM,EQ,1539.9,1545.0,5.1,0.33,89,0.0
1227,NUVOCO,EQ,316.95,318.0,1.05,0.33,347,0.0
1228,PATELRMART,EQ,201.34,202.0,0.66,0.33,708,0.0
1229,AEGISLOG,EQ,658.8,661.0,2.2,0.33,236,0.0
1230,MAGNUM,BE,21.18,21.25,0.07,0.33,600,0.0
1231,KRITIKA,EQ,6.12,6.1,-0.02,-0.33,1835,0.0
1232,JKCEMENT,EQ,5377.5,5360.0,-17.5,-0.33,28,0.0
1233,SENORES,EQ,932.9,929.8,-3.1,-0.33,702,0.0
1234,LICHSGFIN,EQ,567.65,565.8,-1.85,-0.33,1263,0.0
1235,SHANTIGEAR,EQ,441.5,440.05,-1.45,-0.33,13,0.0
1236,OSWALSEEDS,EQ,12.01,11.97,-0.04,-0.33,13,0.0
1237,FINCABLES,EQ,1073.5,1069.95,-3.55,-0.33,2546,0.0
1238,PVP,EQ,30.78,30.88,0.1,0.32,104,0.0
1239,GRSE,EQ,2791.3,2800.1,8.8,0.32,6674,0.0
1240,IFBIND,EQ,1121.6,1125.2,3.6,0.32,21,0.0
1241,RECLTD,EQ,344.35,345.45,1.1,0.32,11364,0.0
1242,NUCLEUS,EQ,791.25,793.75,2.5,0.32,112,0.0
1243,SIKA,EQ,932.0,935.0,3.0,0.32,103,0.0
1244,YATHARTH,EQ,817.65,815.0,-2.65,-0.32,977,0.0
1245,SSWL,EQ,205.66,205.0,-0.66,-0.32,2161,0.0
1246,SGIL,EQ,571.85,570.0,-1.85,-0.32,172,0.0
1247,AXISBANK,EQ,1260.1,1256.1,-4.0,-0.32,18190,0.0
1248,INFY,EQ,1140.3,1136.6,-3.7,-0.32,84607,0.0
1249,INDIASHLTR,EQ,831.8,829.1,-2.7,-0.32,74,0.0
1250,RAIN,EQ,157.71,157.2,-0.51,-0.32,19286,0.0
1251,RTNPOWER,EQ,9.3,9.27,-0.03,-0.32,83277,0.0
1252,ADFFOODS,EQ,265.85,265.0,-0.85,-0.32,577,0.0
1253,CEMPRO,EQ,892.95,890.05,-2.9,-0.32,3351,0.0
1254,REPCOHOME,EQ,392.3,391.05,-1.25,-0.32,152,0.0
1255,BLAL,EQ,191.4,192.0,0.6,0.31,140,0.0
1256,KFINTECH,EQ,857.35,860.0,2.65,0.31,1306,0.0
1257,DATAPATTNS,EQ,4062.5,4075.0,12.5,0.31,2637,0.0
1258,IRBINVIT,IV,60.68,60.87,0.19,0.31,4984,0.0
1259,TMCV,EQ,387.05,388.25,1.2,0.31,43695,0.0
1260,RRIL,EQ,19.25,19.31,0.06,0.31,2499,0.0
1261,PWL,EQ,107.65,107.98,0.33,0.31,14087,0.0
1262,UCOBANK,EQ,25.48,25.4,-0.08,-0.31,18557,0.0
1263,DTIL,EQ,140.44,140.0,-0.44,-0.31,1,0.0
1264,TATACONSUM,EQ,1253.0,1249.1,-3.9,-0.31,11508,0.0
1265,NIITMTS,EQ,272.4,271.55,-0.85,-0.31,1598,0.0
1266,BDL,EQ,1334.2,1330.0,-4.2,-0.31,2668,0.0
1267,OLECTRA,EQ,1270.0,1266.0,-4.0,-0.31,3418,0.0
1268,NORTHARC,EQ,296.15,297.05,0.9,0.3,1548,0.0
1269,INDUSTOWER,EQ,400.8,402.0,1.2,0.3,3573,0.0
1270,RUBICON,EQ,927.9,930.65,2.75,0.3,223,0.0
1271,NBCC,EQ,92.66,92.94,0.28,0.3,59573,0.0
1272,DEEDEV,EQ,490.45,489.0,-1.45,-0.3,5734,0.0
1273,TRENT,EQ,4050.6,4038.5,-12.1,-0.3,755,0.0
1274,UNOMINDA,EQ,1141.9,1138.5,-3.4,-0.3,659,0.0
1275,ADANIPOWER,EQ,209.63,209.0,-0.63,-0.3,186538,0.0
1276,MAPMYINDIA,EQ,1008.45,1005.45,-3.0,-0.3,651,0.0
1277,MEGASTAR,EQ,300.9,300.0,-0.9,-0.3,50,0.0
1278,MEIL,BE,320.85,319.9,-0.95,-0.3,35,0.0
1279,IKS,EQ,1654.4,1659.2,4.8,0.29,421,0.0
1280,PVSL,EQ,103.7,104.0,0.3,0.29,5,0.0
1281,BANKBARODA,EQ,259.95,260.7,0.75,0.29,13293,0.0
1282,PAYTM,EQ,1154.6,1158.0,3.4,0.29,3332,0.0
1283,PARADEEP,EQ,127.63,128.0,0.37,0.29,30368,0.0
1284,IREDA,EQ,124.69,125.05,0.36,0.29,19919,0.0
1285,KOTHARIPET,EQ,139.01,139.42,0.41,0.29,39,0.0
1286,SMLMAH,EQ,3614.2,3624.7,10.5,0.29,33,0.0
1287,LYKALABS,BE,61.22,61.4,0.18,0.29,75,0.0
1288,JTEKTINDIA,EQ,135.59,135.2,-0.39,-0.29,116,0.0
1289,WSTCSTPAPR,EQ,502.45,501.0,-1.45,-0.29,51,0.0
1290,HONASA,EQ,348.15,347.15,-1.0,-0.29,1033,0.0
1291,BIRLACORPN,EQ,1053.55,1056.5,2.95,0.28,758,0.0
1292,AMBUJACEM,EQ,426.95,428.15,1.2,0.28,2966,0.0
1293,IGARASHI,EQ,406.35,407.5,1.15,0.28,144,0.0
1294,MANYAVAR,EQ,460.0,461.3,1.3,0.28,254,0.0
1295,INDOBORAX,EQ,281.8,282.6,0.8,0.28,255,0.0
1296,ONMOBILE,EQ,54.39,54.54,0.15,0.28,10,0.0
1297,COSMOFIRST,EQ,762.85,765.0,2.15,0.28,31,0.0
1298,ACUTAAS,EQ,2742.2,2749.9,7.7,0.28,699,0.0
1299,CANHLIFE,EQ,136.31,136.69,0.38,0.28,1573,0.0
1300,XELPMOC,EQ,102.29,102.0,-0.29,-0.28,9,0.0
1301,CSBBANK,EQ,344.15,343.2,-0.95,-0.28,1842,0.0
1302,HSCL,EQ,607.7,606.0,-1.7,-0.28,18176,0.0
1303,INSPIRISYS,BE,95.07,94.8,-0.27,-0.28,400,0.0
1304,APOLLOTYRE,EQ,398.75,397.65,-1.1,-0.28,2100,0.0
1305,WAKEFIT,EQ,126.37,126.01,-0.36,-0.28,394,0.0
1306,STYL,EQ,255.92,255.2,-0.72,-0.28,17,0.0
1307,KECL,BE,117.12,116.79,-0.33,-0.28,56,0.0
1308,HBLENGINE,EQ,782.25,784.4,2.15,0.27,2874,0.0
1309,MOSCHIP,EQ,211.22,211.8,0.58,0.27,21294,0.0
1310,TATVA,EQ,1268.7,1272.1,3.4,0.27,5,0.0
1311,GUJALKALI,EQ,679.2,681.0,1.8,0.27,990,0.0
1312,GODREJCP,EQ,1030.2,1033.0,2.8,0.27,990,0.0
1313,KRSNAA,EQ,587.0,588.6,1.6,0.27,31,0.0
1314,ALGOQUANT,EQ,62.83,63.0,0.17,0.27,6493,0.0
1315,SURYAROSNI,EQ,239.7,239.05,-0.65,-0.27,611,0.0
1316,SETL,EQ,132.36,132.0,-0.36,-0.27,353,0.0
1317,IDFCFIRSTB,EQ,67.68,67.5,-0.18,-0.27,44112,0.0
1318,WAAREERTL,EQ,966.7,964.1,-2.6,-0.27,2170,0.0
1319,AUTOAXLES,EQ,1724.6,1720.0,-4.6,-0.27,3,0.0
1320,FAZE3Q,BE,449.85,451.0,1.15,0.26,100,0.0
1321,POLICYBZR,EQ,1603.3,1607.5,4.2,0.26,1314,0.0
1322,SOLARWORLD,EQ,217.53,218.1,0.57,0.26,216,0.0
1323,HUDCO,EQ,218.93,219.5,0.57,0.26,16045,0.0
1324,RICOAUTO,EQ,114.7,115.0,0.3,0.26,4598,0.0
1325,CITIUSINVT,IV,104.17,104.44,0.27,0.26,2135,0.0
1326,KOVAI,EQ,5423.0,5437.0,14.0,0.26,4,0.0
1327,PNBHOUSING,EQ,1057.7,1055.0,-2.7,-0.26,495,0.0
1328,NURECA,EQ,271.75,271.05,-0.7,-0.26,10,0.0
1329,VOLTAMP,EQ,9284.0,9260.0,-24.0,-0.26,23,0.0
1330,STUDDS,EQ,456.2,455.0,-1.2,-0.26,104,0.0
1331,SIL,EQ,16.21,16.25,0.04,0.25,1300,0.0
1332,TCS,EQ,2300.3,2306.0,5.7,0.25,28807,0.0
1333,TCIEXP,EQ,517.7,519.0,1.3,0.25,37,0.0
1334,AADHARHFC,EQ,487.3,488.5,1.2,0.25,592,0.0
1335,CONCORDBIO,EQ,1127.2,1130.0,2.8,0.25,201,0.0
1336,GRASIM,EQ,2903.0,2910.3,7.3,0.25,2627,0.0
1337,ARVINDFASN,EQ,431.9,433.0,1.1,0.25,73,0.0
1338,PNBGILTS,EQ,68.83,69.0,0.17,0.25,1149,0.0
1339,IOC,EQ,137.65,138.0,0.35,0.25,80773,0.0
1340,SHINDL,EQ,145.86,146.23,0.37,0.25,96,0.0
1341,UBL,EQ,1410.5,1414.0,3.5,0.25,414,0.0
1342,VINYLINDIA,EQ,264.35,265.0,0.65,0.25,12,0.0
1343,CHAMBLFERT,EQ,433.9,435.0,1.1,0.25,1414,0.0
1344,GOKEX,EQ,689.3,691.05,1.75,0.25,1083,0.0
1345,QPOWER,EQ,1217.6,1220.6,3.0,0.25,2200,0.0
1346,JAYKAY,EQ,161.24,161.65,0.41,0.25,169,0.0
1347,KWIL,EQ,28.03,28.1,0.07,0.25,15035,0.0
1348,KAPSTON,EQ,338.95,338.1,-0.85,-0.25,274,0.0
1349,ARTEMISMED,EQ,270.68,270.0,-0.68,-0.25,2700,0.0
1350,BAJAJ-AUTO,EQ,10397.0,10370.5,-26.5,-0.25,945,0.0
1351,HLVLTD,EQ,7.99,7.97,-0.02,-0.25,836,0.0
1352,KARURVYSYA,EQ,283.9,283.2,-0.7,-0.25,1963,0.0
1353,COCHINSHIP,EQ,1616.1,1619.9,3.8,0.24,5032,0.0
1354,DDEVPLSTIK,EQ,233.9,234.45,0.55,0.24,157,0.0
1355,HIRECT,EQ,882.8,884.95,2.15,0.24,100,0.0
1356,KIRLOSENG,EQ,1561.1,1564.9,3.8,0.24,665,0.0
1357,BLS,EQ,270.8,271.45,0.65,0.24,2619,0.0
1358,DVL,EQ,245.16,245.75,0.59,0.24,40,0.0
1359,ABB,EQ,6328.5,6344.0,15.5,0.24,1385,0.0
1360,BPCL,EQ,287.85,288.55,0.7,0.24,22856,0.0
1361,VIYASH,EQ,214.69,215.2,0.51,0.24,1650,0.0
1362,VIKRAN,EQ,69.57,69.74,0.17,0.24,2859,0.0
1363,TRACXN,EQ,33.42,33.5,0.08,0.24,768,0.0
1364,ABREL,EQ,1321.2,1318.0,-3.2,-0.24,235,0.0
1365,KIRLOSIND,EQ,3187.8,3180.0,-7.8,-0.24,13,0.0
1366,BAJFINANCE,EQ,904.2,902.0,-2.2,-0.24,36022,0.0
1367,CENTENKA,EQ,433.05,432.0,-1.05,-0.24,50,0.0
1368,LINCOLN,EQ,669.55,671.1,1.55,0.23,83,0.0
1369,NBIFIN,EQ,2020.4,2025.0,4.6,0.23,2,0.0
1370,JGCHEM,EQ,387.95,388.85,0.9,0.23,119,0.0
1371,DCW,EQ,46.99,47.1,0.11,0.23,1418,0.0
1372,BAJAJFINSV,EQ,1744.8,1748.9,4.1,0.23,1399,0.0
1373,ANUP,EQ,1970.4,1975.0,4.6,0.23,64,0.0
1374,OSWALGREEN,EQ,25.64,25.7,0.06,0.23,236,0.0
1375,JIOFIN,EQ,230.47,231.0,0.53,0.23,60311,0.0
1376,DBEIL,EQ,78.18,78.0,-0.18,-0.23,10,0.0
1377,HNDFDS,EQ,522.2,521.0,-1.2,-0.23,29,0.0
1378,TAJGVK,EQ,310.7,310.0,-0.7,-0.23,85,0.0
1379,MARICO,EQ,830.0,828.05,-1.95,-0.23,749,0.0
1380,SOTL,EQ,419.95,419.0,-0.95,-0.23,141,0.0
1381,KPEL,EQ,359.2,360.0,0.8,0.22,1949,0.0
1382,MMP,EQ,273.4,274.0,0.6,0.22,660,0.0
1383,REFEX,EQ,255.45,256.0,0.55,0.22,1004,0.0
1384,SIRCA,EQ,427.05,428.0,0.95,0.22,1327,0.0
1385,SARDAEN,EQ,562.15,563.4,1.25,0.22,512,0.0
1386,JSWSTEEL,EQ,1252.3,1255.0,2.7,0.22,2811,0.0
1387,CUB,EQ,244.45,245.0,0.55,0.22,1998,0.0
1388,MAHLIFE,EQ,323.9,324.6,0.7,0.22,137,0.0
1389,LT,EQ,3856.5,3848.0,-8.5,-0.22,11695,0.0
1390,SOLARINDS,EQ,15585.0,15550.0,-35.0,-0.22,231,0.0
1391,GAIL,EQ,160.35,160.0,-0.35,-0.22,14585,0.0
1392,ZYDUSLIFE,EQ,930.65,928.6,-2.05,-0.22,906,0.0
1393,ORIANA,SM,1826.05,1822.0,-4.05,-0.22,300,0.0
1394,MAANALU,EQ,140.31,140.0,-0.31,-0.22,370,0.0
1395,RELAXO,EQ,289.4,290.0,0.6,0.21,675,0.0
1396,SANDHAR,EQ,505.95,507.0,1.05,0.21,110,0.0
1397,PANAMAPET,EQ,286.9,287.5,0.6,0.21,160,0.0
1398,HAPPSTMNDS,EQ,359.95,360.7,0.75,0.21,1204,0.0
1399,HDFCBANK,EQ,750.45,752.0,1.55,0.21,1235571,0.0
1400,SKIPPER,EQ,436.05,436.95,0.9,0.21,1016,0.0
1401,BRITANNIA,EQ,5334.0,5345.0,11.0,0.21,1215,0.0
1402,VSTTILLERS,EQ,4866.0,4876.0,10.0,0.21,12,0.0
1403,INDUSINDBK,EQ,892.85,891.0,-1.85,-0.21,2255,0.0
1404,VLEGOV,BE,14.03,14.0,-0.03,-0.21,10,0.0
1405,MOTHERSON,EQ,124.26,124.0,-0.26,-0.21,30519,0.0
1406,CENTRALBK,EQ,34.53,34.6,0.07,0.2,10744,0.0
1407,CAPINVIT,IV,69.95,70.09,0.14,0.2,11,0.0
1408,BECTORFOOD,EQ,187.62,188.0,0.38,0.2,733,0.0
1409,VINATIORGA,EQ,1314.3,1316.9,2.6,0.2,263,0.0
1410,PNB,EQ,102.78,102.99,0.21,0.2,47523,0.0
1411,KALPATARU,EQ,379.25,380.0,0.75,0.2,86842,0.0
1412,KENNAMET,EQ,2974.2,2980.0,5.8,0.2,41,0.0
1413,MSPL,EQ,40.58,40.5,-0.08,-0.2,1141,0.0
1414,ARIES,EQ,348.85,348.15,-0.7,-0.2,4,0.0
1415,BAJAJHFL,EQ,83.87,83.7,-0.17,-0.2,39747,0.0
1416,COFFEEDAY,EQ,24.76,24.71,-0.05,-0.2,1841,0.0
1417,ACE,EQ,881.25,879.45,-1.8,-0.2,3296,0.0
1418,KAJARIACER,EQ,1072.6,1070.5,-2.1,-0.2,113,0.0
1419,FIRSTCRY,EQ,235.48,235.0,-0.48,-0.2,4086,0.0
1420,NOCIL,EQ,166.34,166.0,-0.34,-0.2,485,0.0
1421,RUSHIL,EQ,15.8,15.83,0.03,0.19,1369,0.0
1422,HDFCLIFE,EQ,601.8,602.95,1.15,0.19,1421,0.0
1423,LINDEINDIA,EQ,7455.0,7469.5,14.5,0.19,131,0.0
1424,SCHAEFFLER,EQ,4082.3,4089.9,7.6,0.19,221,0.0
1425,BHEL,EQ,391.75,392.5,0.75,0.19,43362,0.0
1426,CUMMINSIND,EQ,5160.0,5170.0,10.0,0.19,175,0.0
1427,DWARKESH,EQ,46.91,47.0,0.09,0.19,4404,0.0
1428,KAMATHOTEL,EQ,174.33,174.0,-0.33,-0.19,13,0.0
1429,MINDACORP,EQ,512.95,512.0,-0.95,-0.19,1194,0.0
1430,AQYLON,EQ,51.5,51.4,-0.1,-0.19,1833,0.0
1431,RELIANCE,EQ,1364.0,1361.4,-2.6,-0.19,133858,0.0
1432,PONNIERODE,EQ,313.6,313.0,-0.6,-0.19,2,0.0
1433,HINDOILEXP,EQ,166.11,165.8,-0.31,-0.19,1318,0.0
1434,PRUDENT,EQ,2740.1,2735.0,-5.1,-0.19,27,0.0
1435,BRANDMAN,ST,186.35,186.0,-0.35,-0.19,800,0.0
1436,SPARC,EQ,166.43,166.73,0.3,0.18,8705,0.0
1437,SHK,EQ,144.49,144.75,0.26,0.18,1348,0.0
1438,SIGNATURE,EQ,858.95,860.5,1.55,0.18,340,0.0
1439,NAM-INDIA,EQ,1038.1,1040.0,1.9,0.18,799,0.0
1440,BALKRISIND,EQ,2110.6,2114.4,3.8,0.18,210,0.0
1441,TATACAP,EQ,309.45,310.0,0.55,0.18,5749,0.0
1442,VISHWARAJ,BE,5.47,5.48,0.01,0.18,384,0.0
1443,NTPC,EQ,392.7,392.0,-0.7,-0.18,23124,0.0
1444,ELGIEQUIP,EQ,522.95,522.0,-0.95,-0.18,652,0.0
1445,SURANAT&P,EQ,18.11,18.14,0.03,0.17,2014,0.0
1446,EMUDHRA,EQ,471.2,472.0,0.8,0.17,127,0.0
1447,TIINDIA,EQ,2954.0,2959.0,5.0,0.17,118,0.0
1448,GHCLTEXTIL,EQ,85.83,85.98,0.15,0.17,720,0.0
1449,PGINVIT,IV,92.84,93.0,0.16,0.17,4907,0.0
1450,VGUARD,EQ,321.25,321.8,0.55,0.17,3294,0.0
1451,APEX,EQ,458.2,459.0,0.8,0.17,1203,0.0
1452,WAAREEENER,EQ,3125.2,3120.0,-5.2,-0.17,1743,0.0
1453,MOBIKWIK,EQ,202.85,202.5,-0.35,-0.17,11844,0.0
1454,WHIRLPOOL,EQ,861.8,860.35,-1.45,-0.17,205,0.0
1455,ADANIENT,EQ,2405.2,2401.1,-4.1,-0.17,2210,0.0
1456,BAYERCROP,EQ,4450.7,4443.0,-7.7,-0.17,20,0.0
1457,AZAD,EQ,2123.7,2120.0,-3.7,-0.17,639,0.0
1458,SHILCTECH,EQ,4182.0,4175.0,-7.0,-0.17,126,0.0
1459,CASTROLIND,EQ,181.3,181.0,-0.3,-0.17,7265,0.0
1460,AAATECH,EQ,99.24,99.07,-0.17,-0.17,71,0.0
1461,ENRIN,EQ,3055.6,3050.5,-5.1,-0.17,638,0.0
1462,LIKHITHA,BE,209.36,209.01,-0.35,-0.17,26,0.0
1463,RADIOCITY,BE,6.01,6.0,-0.01,-0.17,11,0.0
1464,OMAXE,EQ,82.86,82.99,0.13,0.16,60,0.0
1465,SNOWMAN,EQ,38.44,38.5,0.06,0.16,56,0.0
1466,BAJAJELEC,EQ,385.55,386.15,0.6,0.16,204,0.0
1467,STARHEALTH,EQ,511.2,512.0,0.8,0.16,476,0.0
1468,AVANTIFEED,EQ,1357.3,1359.5,2.2,0.16,2135,0.0
1469,JINDALSAW,EQ,229.63,230.0,0.37,0.16,3816,0.0
1470,METROPOLIS,EQ,548.1,549.0,0.9,0.16,481,0.0
1471,SAMBHV,EQ,113.82,114.0,0.18,0.16,7375,0.0
1472,RNBDENIMS,BE,12.88,12.9,0.02,0.16,8257,0.0
1473,SAIPARENT,EQ,473.25,474.0,0.75,0.16,110,0.0
1474,ICICIBANK,EQ,1240.3,1238.3,-2.0,-0.16,285662,0.0
1475,TDPOWERSYS,EQ,1166.9,1165.0,-1.9,-0.16,1365,0.0
1476,APTUS,EQ,274.15,273.7,-0.45,-0.16,2331,0.0
1477,NIACL,EQ,159.64,159.39,-0.25,-0.16,2023,0.0
1478,NCC,EQ,161.76,161.5,-0.26,-0.16,5492,0.0
1479,GRWRHITECH,EQ,4948.1,4940.0,-8.1,-0.16,185,0.0
1480,MPHASIS,EQ,2146.5,2143.0,-3.5,-0.16,101,0.0
1481,CDSL,EQ,1182.4,1180.5,-1.9,-0.16,8403,0.0
1482,SYNGENE,EQ,478.75,478.0,-0.75,-0.16,1152,0.0
1483,MIRZAINT,EQ,30.55,30.5,-0.05,-0.16,200,0.0
1484,KAYNES,EQ,4049.3,4055.2,5.9,0.15,5004,0.0
1485,SAFARI,EQ,1478.8,1481.0,2.2,0.15,38,0.0
1486,RANASUG,EQ,13.23,13.25,0.02,0.15,2665,0.0
1487,BANSALWIRE,EQ,298.55,299.0,0.45,0.15,267,0.0
1488,BIOCON,EQ,402.45,403.05,0.6,0.15,20179,0.0
1489,RHETAN,EQ,26.17,26.21,0.04,0.15,962,0.0
1490,THELEELA,EQ,411.2,410.6,-0.6,-0.15,350,0.0
1491,PAVNAIND,BE,19.63,19.6,-0.03,-0.15,17,0.0
1492,PFC,EQ,440.7,440.05,-0.65,-0.15,11717,0.0
1493,INDNIPPON,EQ,770.25,769.1,-1.15,-0.15,27,0.0
1494,AGI,EQ,587.35,586.45,-0.9,-0.15,227,0.0
1495,KPITTECH,EQ,712.05,711.0,-1.05,-0.15,3762,0.0
1496,CELLO,EQ,401.65,401.05,-0.6,-0.15,200,0.0
1497,NAVINFLUOR,EQ,6950.5,6940.0,-10.5,-0.15,110,0.0
1498,DIACABS,EQ,169.77,170.0,0.23,0.14,7616,0.0
1499,UPL,EQ,626.15,627.0,0.85,0.14,8511,0.0
1500,SALASAR,EQ,7.14,7.15,0.01,0.14,15291,0.0
1501,EMCURE,EQ,1657.5,1659.9,2.4,0.14,144,0.0
1502,GOODLUCK,EQ,1305.0,1306.8,1.8,0.14,207,0.0
1503,GRAPHITE,EQ,717.0,718.0,1.0,0.14,2208,0.0
1504,IRFC,EQ,99.36,99.5,0.14,0.14,74264,0.0
1505,RVNL,EQ,283.3,283.7,0.4,0.14,74560,0.0
1506,SCODATUBES,EQ,151.54,151.75,0.21,0.14,109,0.0
1507,GUJGASLTD,EQ,368.25,368.75,0.5,0.14,569,0.0
1508,KISSHT,EQ,199.72,200.0,0.28,0.14,11478,0.0
1509,AXISCADES,EQ,2017.1,2020.0,2.9,0.14,115,0.0
1510,PREMEXPLN,EQ,498.7,498.0,-0.7,-0.14,587,0.0
1511,LGBBROSLTD,EQ,1675.5,1673.2,-2.3,-0.14,21,0.0
1512,ITCHOTELS,EQ,153.72,153.5,-0.22,-0.14,17367,0.0
1513,ULTRACEMCO,EQ,11516.0,11500.0,-16.0,-0.14,524,0.0
1514,GODREJPROP,EQ,1712.4,1710.0,-2.4,-0.14,1130,0.0
1515,NMDC,EQ,86.62,86.5,-0.12,-0.14,95660,0.0
1516,RIIT,IV,110.65,110.5,-0.15,-0.14,250,0.0
1517,INDIAGLYCO,EQ,1051.5,1050.0,-1.5,-0.14,787,0.0
1518,JAGSNPHARM,EQ,212.29,212.0,-0.29,-0.14,49,0.0
1519,IZMO,BE,663.95,663.0,-0.95,-0.14,190,0.0
1520,OMPOWER,EQ,181.25,181.0,-0.25,-0.14,564,0.0
1521,INDGN,EQ,528.8,528.05,-0.75,-0.14,277,0.0
1522,DCMSHRIRAM,EQ,1193.4,1195.0,1.6,0.13,8,0.0
1523,MEDPLUS,EQ,868.9,870.0,1.1,0.13,116,0.0
1524,JAYBARMARU,EQ,87.39,87.5,0.11,0.13,311,0.0
1525,HINDUNILVR,EQ,2262.0,2265.0,3.0,0.13,2338,0.0
1526,INDIGOPNTS,EQ,939.1,937.9,-1.2,-0.13,110,0.0
1527,CYBERTECH,EQ,136.38,136.2,-0.18,-0.13,125,0.0
1528,TTL,BE,7.71,7.7,-0.01,-0.13,11,0.0
1529,ZEEMEDIA,BE,7.78,7.77,-0.01,-0.13,554,0.0
1530,PREMIERPOL,BE,54.86,54.79,-0.07,-0.13,2,0.0
1531,COLPAL,EQ,2125.2,2127.8,2.6,0.12,325,0.0
1532,MOIL,EQ,296.75,297.1,0.35,0.12,1420,0.0
1533,PGHL,EQ,5099.0,5105.0,6.0,0.12,13,0.0
1534,LTF,EQ,280.65,281.0,0.35,0.12,8456,0.0
1535,SBC,EQ,34.61,34.65,0.04,0.12,3001,0.0
1536,AUROPHARMA,EQ,1488.2,1490.0,1.8,0.12,948,0.0
1537,SAIL,EQ,176.09,176.31,0.22,0.12,38309,0.0
1538,ASIANENE,EQ,284.65,285.0,0.35,0.12,79,0.0
1539,TRIDENT,EQ,25.07,25.1,0.03,0.12,20484,0.0
1540,LLOYDSME,EQ,1703.8,1705.9,2.1,0.12,568,0.0
1541,AJAXENGG,EQ,519.1,518.5,-0.6,-0.12,245,0.0
1542,MONTECARLO,EQ,570.7,570.0,-0.7,-0.12,100,0.0
1543,KRISHANA,EQ,681.85,681.0,-0.85,-0.12,375,0.0
1544,SANSTAR,EQ,98.72,98.6,-0.12,-0.12,3050,0.0
1545,KEI,EQ,4997.1,4991.1,-6.0,-0.12,1925,0.0
1546,JYOTICNC,EQ,726.0,725.15,-0.85,-0.12,582,0.0
1547,GICRE,EQ,382.4,381.95,-0.45,-0.12,645,0.0
1548,LEMONTREE,EQ,111.88,111.75,-0.13,-0.12,21916,0.0
1549,BLSE,EQ,190.23,190.0,-0.23,-0.12,672,0.0
1550,OFSS,EQ,9010.5,9000.0,-10.5,-0.12,452,0.0
1551,MEDICO,EQ,42.05,42.0,-0.05,-0.12,64,0.0
1552,SAPPHIRE,EQ,172.8,172.6,-0.2,-0.12,867,0.0
1553,ESSARSHPNG,EQ,24.03,24.0,-0.03,-0.12,206,0.0
1554,BNAGROCHEM,EQ,288.36,288.0,-0.36,-0.12,5,0.0
1555,GEMAROMA,BE,155.79,155.6,-0.19,-0.12,136,0.0
1556,MARUTI,EQ,13172.0,13187.0,15.0,0.11,601,0.0
1557,ANANTRAJ,EQ,502.45,503.0,0.55,0.11,11654,0.0
1558,KIOCL,EQ,379.6,380.0,0.4,0.11,718,0.0
1559,OLAELEC,EQ,35.13,35.17,0.04,0.11,223975,0.0
1560,MARSONS,EQ,144.74,144.9,0.16,0.11,3580,0.0
1561,GREAVESCOT,EQ,168.15,168.33,0.18,0.11,3752,0.0
1562,TIMKEN,EQ,3611.1,3614.9,3.8,0.11,64,0.0
1563,TVSMOTOR,EQ,3561.0,3565.0,4.0,0.11,1112,0.0
1564,CANTABIL,EQ,218.77,219.0,0.23,0.11,1239,0.0
1565,CGCL,EQ,186.75,186.95,0.2,0.11,2065,0.0
1566,PPAP,EQ,213.15,213.39,0.24,0.11,60,0.0
1567,PARAGMILK,EQ,218.45,218.7,0.25,0.11,387,0.0
1568,PROSTARM,EQ,150.84,151.0,0.16,0.11,1094,0.0
1569,BCG,BE,9.18,9.19,0.01,0.11,10054,0.0
1570,IVALUE,EQ,232.55,232.8,0.25,0.11,229,0.0
1571,ABLBL,EQ,101.66,101.77,0.11,0.11,4359,0.0
1572,VIKRAMSOLR,EQ,205.77,206.0,0.23,0.11,2736,0.0
1573,BRIGADE,EQ,718.8,718.0,-0.8,-0.11,251,0.0
1574,GRINFRA,EQ,936.2,935.15,-1.05,-0.11,133,0.0
1575,HDFCAMC,EQ,2632.8,2630.0,-2.8,-0.11,1060,0.0
1576,GLAND,EQ,1872.1,1870.0,-2.1,-0.11,201,0.0
1577,WELCORP,EQ,1319.4,1318.0,-1.4,-0.11,695,0.0
1578,JUBLPHARMA,EQ,988.1,987.0,-1.1,-0.11,666,0.0
1579,GODREJIND,EQ,1091.15,1090.0,-1.15,-0.11,146,0.0
1580,CESC,EQ,180.5,180.3,-0.2,-0.11,3597,0.0
1581,EUROPRATIK,EQ,270.3,270.0,-0.3,-0.11,682,0.0
1582,WOCKPHARMA,EQ,1570.4,1572.0,1.6,0.1,1030,0.0
1583,SOLARA,EQ,508.6,509.1,0.5,0.1,126,0.0
1584,INDOTECH,EQ,2652.2,2654.9,2.7,0.1,82,0.0
1585,SWIGGY,EQ,255.85,256.1,0.25,0.1,18867,0.0
1586,CHOICEIN,EQ,661.15,661.8,0.65,0.1,1633,0.0
1587,TASTYBITE,EQ,7692.0,7700.0,8.0,0.1,1,0.0
1588,AUTOIND,EQ,71.94,72.01,0.07,0.1,50,0.0
1589,GMRP&UI,EQ,104.89,105.0,0.11,0.1,1563,0.0
1590,TSFINV,EQ,391.6,392.0,0.4,0.1,100,0.0
1591,LATENTVIEW,EQ,294.35,294.65,0.3,0.1,1684,0.0
1592,AARON,EQ,134.36,134.5,0.14,0.1,50,0.0
1593,ISGEC,EQ,1054.0,1055.1,1.1,0.1,27,0.0
1594,UNIONBANK,EQ,162.19,162.35,0.16,0.1,25940,0.0
1595,EPIGRAL,EQ,1246.8,1248.0,1.2,0.1,33,0.0
1596,HDBFS,EQ,674.15,674.8,0.65,0.1,955,0.0
1597,SGFIN,EQ,575.6,575.0,-0.6,-0.1,902,0.0
1598,DPSCLTD,EQ,9.67,9.66,-0.01,-0.1,333,0.0
1599,VAIBHAVGBL,EQ,216.11,215.89,-0.22,-0.1,873,0.0
1600,UNITEDPOLY,EQ,30.33,30.3,-0.03,-0.1,6,0.0
1601,IBULLSLTD,EQ,20.02,20.0,-0.02,-0.1,63855,0.0
1602,PAGEIND,EQ,35085.0,35115.0,30.0,0.09,17,0.0
1603,ASHIANA,EQ,349.85,350.15,0.3,0.09,20,0.0
1604,SPIC,EQ,65.62,65.68,0.06,0.09,6312,0.0
1605,INDIGO,EQ,4201.7,4205.4,3.7,0.09,2217,0.0
1606,SREEL,EQ,180.33,180.5,0.17,0.09,70,0.0
1607,KIRLFER,EQ,439.6,440.0,0.4,0.09,4,0.0
1608,BHARATCOAL,EQ,33.13,33.16,0.03,0.09,70037,0.0
1609,STAR,EQ,1151.8,1150.8,-1.0,-0.09,120,0.0
1610,SPAL,EQ,811.7,811.0,-0.7,-0.09,1,0.0
1611,NIITLTD,EQ,68.06,68.0,-0.06,-0.09,1182,0.0
1612,PENIND,EQ,161.15,161.0,-0.15,-0.09,630,0.0
1613,EPL,EQ,228.31,228.11,-0.2,-0.09,285,0.0
1614,ROUTE,EQ,509.65,509.2,-0.45,-0.09,415,0.0
1615,EXIDEIND,EQ,346.3,346.0,-0.3,-0.09,3687,0.0
1616,BATAINDIA,EQ,699.65,699.0,-0.65,-0.09,369,0.0
1617,SHILPAMED,EQ,438.65,439.0,0.35,0.08,298,0.0
1618,KTKBANK,EQ,247.05,247.25,0.2,0.08,2746,0.0
1619,CMSINFO,EQ,298.85,299.1,0.25,0.08,1844,0.0
1620,PRAJIND,EQ,391.7,392.0,0.3,0.08,3024,0.0
1621,DLF,EQ,569.2,568.75,-0.45,-0.08,4365,0.0
1622,PRICOLLTD,EQ,592.45,591.95,-0.5,-0.08,577,0.0
1623,RENUKA,EQ,25.12,25.1,-0.02,-0.08,9842,0.0
1624,MRPL,EQ,154.12,154.0,-0.12,-0.08,13229,0.0
1625,GUJTHEM,EQ,362.3,362.0,-0.3,-0.08,96,0.0
1626,SRM,EQ,477.3,476.9,-0.4,-0.08,420,0.0
1627,REGAAL,BE,85.92,85.85,-0.07,-0.08,318,0.0
1628,KHAICHEM,BE,55.96,56.0,0.04,0.07,72,0.0
1629,LTFOODS,EQ,405.5,405.8,0.3,0.07,2574,0.0
1630,CROMPTON,EQ,282.05,282.25,0.2,0.07,4643,0.0
1631,GMBREW,EQ,915.4,916.05,0.65,0.07,38,0.0
1632,HEG,EQ,581.9,582.3,0.4,0.07,1529,0.0
1633,SHARDAMOTR,EQ,868.15,868.8,0.65,0.07,29,0.0
1634,ZYDUSWELL,EQ,506.65,507.0,0.35,0.07,181,0.0
1635,BFINVEST,EQ,412.0,412.3,0.3,0.07,30,0.0
1636,DRCSYSTEMS,EQ,15.01,15.0,-0.01,-0.07,50,0.0
1637,ALIVUS,EQ,1098.8,1098.0,-0.8,-0.07,54,0.0
1638,KELLTONTEC,EQ,15.11,15.1,-0.01,-0.07,1701,0.0
1639,AEROFLEX,EQ,365.25,365.0,-0.25,-0.07,17196,0.0
1640,GSFC,EQ,167.12,167.0,-0.12,-0.07,946,0.0
1641,MANINDS,EQ,520.75,521.05,0.3,0.06,284,0.0
1642,ZUARI,EQ,232.63,232.78,0.15,0.06,144,0.0
1643,RRKABEL,EQ,1938.8,1940.0,1.2,0.06,936,0.0
1644,LICI,EQ,780.75,781.25,0.5,0.06,2053,0.0
1645,AFSL,EQ,201.12,201.0,-0.12,-0.06,601,0.0
1646,JPPOWER,EQ,17.52,17.51,-0.01,-0.06,327810,0.0
1647,CARBORUNIV,EQ,1008.65,1008.0,-0.65,-0.06,170,0.0
1648,INDIGRID,IV,173.45,173.35,-0.1,-0.06,2178,0.0
1649,SOMANYCERA,EQ,442.3,442.05,-0.25,-0.06,27,0.0
1650,FIVESTAR,EQ,469.45,469.15,-0.3,-0.06,3757,0.0
1651,AARTECH,EQ,40.13,40.15,0.02,0.05,50,0.0
1652,AWL,EQ,198.19,198.29,0.1,0.05,4427,0.0
1653,MAZDOCK,EQ,2443.8,2445.0,1.2,0.05,3514,0.0
1654,SUNTV,EQ,560.2,560.5,0.3,0.05,270,0.0
1655,SHAILY,EQ,2693.6,2695.0,1.4,0.05,343,0.0
1656,TATACHEM,EQ,770.25,770.6,0.35,0.05,1245,0.0
1657,INDIANHUME,EQ,328.85,329.0,0.15,0.05,93,0.0
1658,NETWEB,EQ,4016.0,4018.0,2.0,0.05,6653,0.0
1659,APOLLO,EQ,294.85,295.0,0.15,0.05,29365,0.0
1660,COFORGE,EQ,1320.4,1321.0,0.6,0.05,8140,0.0
1661,INDOTHAI,EQ,280.85,281.0,0.15,0.05,335,0.0
1662,GAYAPROJ,BE,18.61,18.62,0.01,0.05,123,0.0
1663,CENTEXT,EQ,20.61,20.6,-0.01,-0.05,344,0.0
1664,WELSPUNLIV,EQ,134.37,134.3,-0.07,-0.05,6328,0.0
1665,YESBANK,EQ,22.06,22.05,-0.01,-0.05,258955,0.0
1666,IDEAFORGE,EQ,732.6,732.2,-0.4,-0.05,3683,0.0
1667,ASTERDM,EQ,730.35,730.0,-0.35,-0.05,271,0.0
1668,ARMANFIN,EQ,1770.9,1770.0,-0.9,-0.05,674,0.0
1669,SAPPL,EQ,290.95,290.8,-0.15,-0.05,5,0.0
1670,SECURKLOUD,BE,22.84,22.85,0.01,0.04,1,0.0
1671,SHYAMMETL,EQ,843.65,844.0,0.35,0.04,323,0.0
1672,RADICO,EQ,3428.6,3429.9,1.3,0.04,801,0.0
1673,PIIND,EQ,2997.6,2998.7,1.1,0.04,186,0.0
1674,SUPRAJIT,EQ,417.85,418.0,0.15,0.04,89,0.0
1675,KILITCH,EQ,147.94,148.0,0.06,0.04,190,0.0
1676,BANKINDIA,EQ,140.14,140.2,0.06,0.04,44187,0.0
1677,GAEL,EQ,166.42,166.49,0.07,0.04,2222,0.0
1678,GLAXO,EQ,2448.8,2449.9,1.1,0.04,204,0.0
1679,AETHER,EQ,1155.7,1156.2,0.5,0.04,234,0.0
1680,HCLTECH,EQ,1145.8,1146.3,0.5,0.04,6752,0.0
1681,COALINDIA,EQ,463.05,463.25,0.2,0.04,35404,0.0
1682,GRAVITA,EQ,1685.3,1685.9,0.6,0.04,332,0.0
1683,ARROWGREEN,EQ,551.25,551.45,0.2,0.04,65,0.0
1684,STLNETWORK,EQ,25.44,25.45,0.01,0.04,7676,0.0
1685,NFL,EQ,73.98,74.01,0.03,0.04,12216,0.0
1686,GCSL,EQ,380.4,380.55,0.15,0.04,1,0.0
1687,KRN,EQ,1212.5,1212.0,-0.5,-0.04,1890,0.0
1688,MASTEK,EQ,1618.8,1618.2,-0.6,-0.04,70,0.0
1689,KMEW,EQ,2001.9,2001.1,-0.8,-0.04,510,0.0
1690,MANGLMCEM,EQ,880.35,880.0,-0.35,-0.04,1,0.0
1691,KNRCON,EQ,130.54,130.49,-0.05,-0.04,4246,0.0
1692,IDBI,EQ,71.03,71.0,-0.03,-0.04,22847,0.0
1693,BOMDYEING,EQ,120.55,120.5,-0.05,-0.04,1408,0.0
1694,SUNDROP,EQ,670.25,670.0,-0.25,-0.04,30,0.0
1695,UMAEXPORTS,BE,24.61,24.6,-0.01,-0.04,96,0.0
1696,KSB,EQ,853.9,853.6,-0.3,-0.04,240,0.0
1697,JKIPL,BE,83.1,83.07,-0.03,-0.04,1,0.0
1698,NTPCGREEN,EQ,107.17,107.2,0.03,0.03,15491,0.0
1699,CARRARO,EQ,580.45,580.6,0.15,0.03,196,0.0
1700,VARROC,EQ,555.15,555.3,0.15,0.03,335,0.0
1701,ACC,EQ,1347.0,1347.4,0.4,0.03,397,0.0
1702,IRCON,EQ,143.96,144.0,0.04,0.03,16961,0.0
1703,CARERATING,EQ,1581.0,1581.5,0.5,0.03,4,0.0
1704,GHCL,EQ,469.65,469.8,0.15,0.03,82,0.0
1705,SAHYADRI,EQ,309.9,310.0,0.1,0.03,6,0.0
1706,TINNARUBR,EQ,759.8,760.0,0.2,0.03,278,0.0
1707,LTM,EQ,4143.8,4145.1,1.3,0.03,278,0.0
1708,GRINDWELL,EQ,1786.7,1786.1,-0.6,-0.03,149,0.0
1709,DEVYANI,EQ,114.08,114.05,-0.03,-0.03,1985,0.0
1710,GOKULAGRO,EQ,235.08,235.0,-0.08,-0.03,691,0.0
1711,MURUDCERA,EQ,32.56,32.55,-0.01,-0.03,1500,0.0
1712,GODFRYPHLP,EQ,2341.3,2340.6,-0.7,-0.03,667,0.0
1713,NLCINDIA,EQ,308.1,308.0,-0.1,-0.03,23675,0.0
1714,MAHABANK,EQ,78.37,78.35,-0.02,-0.03,36849,0.0
1715,BLUEDART,EQ,5167.5,5166.0,-1.5,-0.03,25,0.0
1716,HAVELLS,EQ,1190.9,1190.5,-0.4,-0.03,912,0.0
1717,BALRAMCHIN,EQ,534.15,534.0,-0.15,-0.03,4721,0.0
1718,SATIN,EQ,225.08,225.01,-0.07,-0.03,9265,0.0
1719,INNOVISION,EQ,313.1,313.0,-0.1,-0.03,43,0.0
1720,CHOLAHLDNG,EQ,1715.6,1715.0,-0.6,-0.03,12,0.0
1721,ALPEXSOLAR,SM,915.05,915.2,0.15,0.02,500,0.0
1722,ENGINERSIN,EQ,236.95,237.0,0.05,0.02,8784,0.0
1723,KRONOX,EQ,132.23,132.25,0.02,0.02,154,0.0
1724,ADVANIHOTR,EQ,52.14,52.15,0.01,0.02,100,0.0
1725,MAITHANALL,EQ,970.8,971.0,0.2,0.02,21,0.0
1726,CEATLTD,EQ,3142.8,3143.4,0.6,0.02,240,0.0
1727,MRF,EQ,126505.0,126535.0,30.0,0.02,17,0.0
1728,BIGBLOC,EQ,56.64,56.65,0.01,0.02,214,0.0
1729,RCF,EQ,123.07,123.1,0.03,0.02,3057,0.0
1730,PCBL,EQ,277.95,278.0,0.05,0.02,1941,0.0
1731,TTML,EQ,41.21,41.22,0.01,0.02,16633,0.0
1732,LUPIN,EQ,2245.4,2245.8,0.4,0.02,1846,0.0
1733,BSE,EQ,3851.9,3852.5,0.6,0.02,11875,0.0
1734,SKFINDIA,EQ,1669.7,1670.0,0.3,0.02,14,0.0
1735,BEL,EQ,416.5,416.6,0.1,0.02,38827,0.0
1736,AWHCL,EQ,476.5,476.6,0.1,0.02,294,0.0
1737,MODTHREAD,EQ,48.12,48.13,0.01,0.02,200,0.0
1738,KSOLVES,EQ,278.4,278.45,0.05,0.02,146,0.0
1739,DEVX,EQ,40.99,41.0,0.01,0.02,109,0.0
1740,CRISIL,EQ,4031.0,4032.0,1.0,0.02,38,0.0
1741,HMT,BZ,57.49,57.5,0.01,0.02,1,0.0
1742,PIRAMALFIN,EQ,1909.7,1910.0,0.3,0.02,312,0.0
1743,SONACOMS,EQ,584.1,584.0,-0.1,-0.02,1906,0.0
1744,HONAUT,EQ,28455.0,28450.0,-5.0,-0.02,6,0.0
1745,C2C,SM,433.7,433.6,-0.1,-0.02,450,0.0
1746,SHREEJISPG,EQ,412.1,412.0,-0.1,-0.02,263,0.0
1747,SYRMA,EQ,1075.2,1075.0,-0.2,-0.02,9020,0.0
1748,INSECTICID,EQ,701.15,701.2,0.05,0.01,109,0.0
1749,SKMEGGPROD,EQ,167.98,168.0,0.02,0.01,72,0.0
1750,LMW,EQ,14409.0,14410.0,1.0,0.01,2,0.0
1751,AURUM,EQ,172.78,172.79,0.01,0.01,60,0.0
1752,AARTIDRUGS,EQ,371.95,372.0,0.05,0.01,555,0.0
1753,CLEAN,EQ,808.9,808.95,0.05,0.01,715,0.0
1754,INA,EQ,129.99,130.0,0.01,0.01,2018,0.0
1755,CIEINDIA,EQ,462.7,462.75,0.05,0.01,136,0.0
1756,ADSL,EQ,123.87,123.88,0.01,0.01,2785,0.0
1757,KPIGREEN,EQ,432.7,432.75,0.05,0.01,3067,0.0
1758,KOLTEPATIL,EQ,364.0,364.05,0.05,0.01,27,0.0
1759,BANDHANBNK,EQ,196.07,196.09,0.02,0.01,11441,0.0
1760,UNICHEMLAB,EQ,364.25,364.3,0.05,0.01,16,0.0
1761,AYE,EQ,134.85,134.86,0.01,0.01,6037,0.0
1762,LENSKART,EQ,475.95,476.0,0.05,0.01,5734,0.0
1763,KLBRENG-B,EQ,505.0,505.05,0.05,0.01,80,0.0
1764,SULA,EQ,165.62,165.64,0.02,0.01,327,0.0
1765,TARC,EQ,132.26,132.25,-0.01,-0.01,708,0.0
1766,LAXMIDENTL,EQ,204.03,204.0,-0.03,-0.01,28,0.0
1767,ANUHPHR,EQ,80.24,80.23,-0.01,-0.01,103,0.0
1768,ONESOURCE,EQ,1830.2,1830.0,-0.2,-0.01,435,0.0
1769,ICICIGI,EQ,1782.8,1782.7,-0.1,-0.01,328,0.0
1770,JMFINANCIL,EQ,135.72,135.7,-0.02,-0.01,7033,0.0
1771,EICHERMOT,EQ,7126.0,7125.0,-1.0,-0.01,978,0.0
1772,BOROSCI,EQ,113.81,113.8,-0.01,-0.01,25,0.0
1773,IEX,EQ,127.21,127.2,-0.01,-0.01,14556,0.0
1774,BHARATFORG,EQ,1913.0,1912.9,-0.1,-0.01,1340,0.0
1775,ORIENTCEM,EQ,135.02,135.0,-0.02,-0.01,811,0.0
1776,AVANTEL,EQ,157.01,157.0,-0.01,-0.01,7689,0.0
1777,CCL,EQ,1094.6,1094.5,-0.1,-0.01,241,0.0
1778,DBL,EQ,469.35,469.3,-0.05,-0.01,34,0.0
1779,ARE&M,EQ,832.2,832.1,-0.1,-0.01,1583,0.0
1780,CARTRADE,EQ,1892.2,1892.1,-0.1,-0.01,698,0.0
1781,KOTYARK,EQ,415.05,415.0,-0.05,-0.01,1,0.0
1782,THEINVEST,EQ,113.84,113.84,0.0,0.0,13,0.0
1783,LAL,EQ,6.95,6.95,0.0,0.0,6,0.0
1784,GALLANTT,EQ,817.1,817.1,0.0,0.0,3356,0.0
1785,SITINET,BZ,0.34,0.34,0.0,0.0,5231,0.0
1786,EMKAY,EQ,210.1,210.1,0.0,0.0,1,0.0
1787,MAHSCOOTER,EQ,12147.0,12147.0,0.0,0.0,1,0.0
1788,SUNDARAM,EQ,1.4,1.4,0.0,0.0,4414,0.0
1789,LLOYDSENT,EQ,71.0,71.0,0.0,0.0,3546,0.0
1790,ODIGMA,BE,26.63,26.63,0.0,0.0,111,0.0
1791,ARCHIES,EQ,14.71,14.71,0.0,0.0,5,0.0
1792,RAYMONDLSL,EQ,780.05,780.05,0.0,0.0,384,0.0
1793,VIPIND,EQ,298.9,298.9,0.0,0.0,167,0.0
1794,ALMONDZ,EQ,15.49,15.49,0.0,0.0,20,0.0
1795,SIEMENS,EQ,3574.4,3574.4,0.0,0.0,607,0.0
1796,ENERGYDEV,EQ,16.86,16.86,0.0,0.0,6,0.0
1797,ARKADE,EQ,117.94,117.94,0.0,0.0,44,0.0
1798,KAUSHALYA,EQ,890.8,890.8,0.0,0.0,28,0.0
1799,EPACK,EQ,243.8,243.8,0.0,0.0,3473,0.0
1800,ORIENTTECH,EQ,284.0,284.0,0.0,0.0,833,0.0
1801,STLTECH,EQ,398.3,398.3,0.0,0.0,41241,0.0
1802,ASHIMASYN,EQ,15.4,15.4,0.0,0.0,1005,0.0
1803,MANOMAY,EQ,182.98,182.98,0.0,0.0,10,0.0
1804,PASUPTAC,EQ,51.84,51.84,0.0,0.0,200,0.0
1805,RPOWER,EQ,27.3,27.3,0.0,0.0,175141,0.0
1806,VENTIVE,EQ,671.8,671.8,0.0,0.0,2744,0.0
1807,HDIL,BZ,2.02,2.02,0.0,0.0,7,0.0
1808,IGIL,EQ,330.75,330.75,0.0,0.0,1972,0.0
1809,AUSOMENT,EQ,149.09,149.09,0.0,0.0,70,0.0
1810,VMM,EQ,119.65,119.65,0.0,0.0,15591,0.0
1811,NARMADA,EQ,36.64,36.64,0.0,0.0,100,0.0
1812,NIBE,EQ,981.4,981.4,0.0,0.0,17,0.0
1813,GODAVARIB,EQ,294.55,294.55,0.0,0.0,527,0.0
1814,IPL,EQ,167.96,167.96,0.0,0.0,301,0.0
1815,RAMCOIND,EQ,282.2,282.2,0.0,0.0,18,0.0
1816,BHARATRAS,EQ,1388.2,1388.2,0.0,0.0,3,0.0
1817,SATIA,EQ,67.16,67.16,0.0,0.0,110,0.0
1818,POWERINDIA,EQ,32265.0,32265.0,0.0,0.0,379,0.0
1819,VOLTAS,EQ,1269.6,1269.6,0.0,0.0,1678,0.0
1820,GULPOLY,EQ,186.1,186.1,0.0,0.0,2006,0.0
1821,GILLETTE,EQ,7882.5,7882.5,0.0,0.0,29,0.0
1822,EXPLEOSOL,EQ,885.75,885.75,0.0,0.0,1117,0.0
1823,ICIL,EQ,281.5,281.5,0.0,0.0,1047,0.0
1824,PURVA,EQ,211.11,211.11,0.0,0.0,184,0.0
1825,NEWGEN,EQ,464.95,464.95,0.0,0.0,2602,0.0
1826,NAMOEWASTE,SM,222.65,222.65,0.0,0.0,2400,0.0
1827,MBAPL,EQ,547.6,547.6,0.0,0.0,6,0.0
1828,SAGCEM,EQ,179.29,179.29,0.0,0.0,59,0.0
1829,JSWINFRA,EQ,272.05,272.05,0.0,0.0,8216,0.0
1830,SPANDANA,EQ,258.91,258.91,0.0,0.0,55,0.0
1831,WESTLIFE,EQ,506.85,506.85,0.0,0.0,44,0.0
1832,AMDIND,EQ,46.41,46.41,0.0,0.0,10,0.0
1833,V2RETAIL,EQ,220.12,220.12,0.0,0.0,1595,0.0
1834,BALAMINES,EQ,1339.5,1339.5,0.0,0.0,269,0.0
1835,EMAMILTD,EQ,432.4,432.4,0.0,0.0,317,0.0
1836,FIEMIND,EQ,2196.0,2196.0,0.0,0.0,192,0.0
1837,IXIGO,EQ,156.8,156.8,0.0,0.0,1340,0.0
1838,JAMNAAUTO,EQ,120.0,120.0,0.0,0.0,6699,0.0
1839,BALAJEE,EQ,31.91,31.91,0.0,0.0,11,0.0
1840,NIBL,EQ,30.68,30.68,0.0,0.0,25,0.0
1841,CCCL,EQ,15.53,15.53,0.0,0.0,2054,0.0
1842,STANLEY,EQ,155.75,155.75,0.0,0.0,204,0.0
1843,ADANIPORTS,EQ,1688.2,1688.2,0.0,0.0,15426,0.0
1844,GANDHITUBE,EQ,889.0,889.0,0.0,0.0,100,0.0
1845,FSL,EQ,249.09,249.09,0.0,0.0,4706,0.0
1846,KRISHNADEF,EQ,1154.0,1154.0,0.0,0.0,362,0.0
1847,SBICARD,EQ,625.1,625.1,0.0,0.0,1043,0.0
1848,PFS,EQ,30.2,30.2,0.0,0.0,837,0.0
1849,STARCEMENT,EQ,219.99,219.99,0.0,0.0,329,0.0
1850,VINNY,EQ,1.17,1.17,0.0,0.0,373,0.0
1851,MUTHOOTMF,EQ,190.22,190.22,0.0,0.0,302,0.0
1852,PSB,EQ,23.79,23.79,0.0,0.0,4515,0.0
1853,TRITURBINE,EQ,560.7,560.7,0.0,0.0,854,0.0
1854,M&M,EQ,3176.0,3176.0,0.0,0.0,7722,0.0
1855,VSSL,EQ,264.4,264.4,0.0,0.0,86,0.0
1856,CREDITACC,EQ,1390.8,1390.8,0.0,0.0,648,0.0
1857,EQUITASBNK,EQ,67.91,67.91,0.0,0.0,20841,0.0
1858,KESORAMIND,EQ,12.97,12.97,0.0,0.0,35071,0.0
1859,GODREJAGRO,EQ,572.85,572.85,0.0,0.0,123,0.0
1860,GARFIBRES,EQ,625.25,625.25,0.0,0.0,71,0.0
1861,MAHSEAMLES,EQ,641.4,641.4,0.0,0.0,447,0.0
1862,BAJAJHIND,EQ,19.05,19.05,0.0,0.0,14280,0.0
1863,ORIENTHOT,EQ,98.95,98.95,0.0,0.0,10,0.0
1864,INGERRAND,EQ,4293.6,4293.6,0.0,0.0,37,0.0
1865,VALIANTLAB,BE,78.22,78.22,0.0,0.0,2,0.0
1866,WEBELSOLAR,EQ,105.23,105.23,0.0,0.0,19924,0.0
1867,ELECTCAST,EQ,85.01,85.01,0.0,0.0,3764,0.0
1868,STYRENIX,EQ,2224.4,2224.4,0.0,0.0,10,0.0
1869,ROLEXRINGS,EQ,145.65,145.65,0.0,0.0,5799,0.0
1870,OILCOUNTUB,BE,62.25,62.25,0.0,0.0,34,0.0
1871,SANDUMA,EQ,223.62,223.62,0.0,0.0,8868,0.0
1872,RBLBANK,EQ,325.25,325.25,0.0,0.0,6973,0.0
1873,RISHABH,EQ,486.25,486.25,0.0,0.0,181,0.0
1874,INVENTURE,EQ,0.98,0.98,0.0,0.0,1606,0.0
1875,GVPTECH,EQ,6.71,6.71,0.0,0.0,47,0.0
1876,BTML,EQ,6.3,6.3,0.0,0.0,62,0.0
1877,3IINFOLTD,EQ,17.5,17.5,0.0,0.0,1800,0.0
1878,RATEGAIN,EQ,618.95,618.95,0.0,0.0,179,0.0
1879,PTL,EQ,39.73,39.73,0.0,0.0,10,0.0
1880,ORIENTBELL,EQ,316.15,316.15,0.0,0.0,33,0.0
1881,TECHM,EQ,1392.9,1392.9,0.0,0.0,2726,0.0
1882,ASALCBR,EQ,861.5,861.5,0.0,0.0,23,0.0
1883,AKUMS,EQ,528.4,528.4,0.0,0.0,403,0.0
1884,RVHL,EQ,39.23,39.23,0.0,0.0,100,0.0
1885,JETFREIGHT,EQ,19.22,19.22,0.0,0.0,19,0.0
1886,MARALOVER,EQ,57.15,57.15,0.0,0.0,60,0.0
1887,INTLCONV,EQ,81.14,81.14,0.0,0.0,1000,0.0
1888,NAUKRI,EQ,930.9,930.9,0.0,0.0,452,0.0
1889,SWSOLAR,EQ,202.49,202.5,0.01,0.0,3432,0.0
1890,TRIVENI,EQ,379.9,379.9,0.0,0.0,469,0.0
1891,DIVGIITTS,EQ,718.65,718.65,0.0,0.0,25,0.0
1892,HGS,EQ,414.0,414.0,0.0,0.0,17,0.0
1893,BLUESTARCO,EQ,1630.6,1630.6,0.0,0.0,786,0.0
1894,GATEWAY,EQ,56.68,56.68,0.0,0.0,3155,0.0
1895,SDBL,EQ,85.69,85.69,0.0,0.0,2572,0.0
1896,SANOFI,EQ,3235.8,3235.8,0.0,0.0,4,0.0
1897,TATAINVEST,EQ,667.85,667.85,0.0,0.0,1615,0.0
1898,RAMCOCEM,EQ,943.25,943.25,0.0,0.0,20,0.0
1899,VTL,EQ,613.75,613.75,0.0,0.0,935,0.0
1900,UTIAMC,EQ,970.0,970.0,0.0,0.0,185,0.0
1901,TANLA,EQ,523.0,523.0,0.0,0.0,1661,0.0
1902,JKTYRE,EQ,384.15,384.15,0.0,0.0,2961,0.0
1903,APLLTD,EQ,768.15,768.15,0.0,0.0,99,0.0
1904,GABRIEL,EQ,1098.7,1098.7,0.0,0.0,529,0.0
1905,ASHOKLEY,EQ,155.95,155.95,0.0,0.0,20341,0.0
1906,CHEMCON,EQ,165.55,165.55,0.0,0.0,220,0.0
1907,FMGOETZE,EQ,443.4,443.4,0.0,0.0,231,0.0
1908,NAVNETEDUL,EQ,141.68,141.68,0.0,0.0,75,0.0
1909,PATELENG,EQ,26.76,26.76,0.0,0.0,9827,0.0
1910,JKPAPER,EQ,391.1,391.1,0.0,0.0,579,0.0
1911,INDOAMIN,EQ,115.4,115.4,0.0,0.0,83,0.0
1912,DELHIVERY,EQ,464.7,464.7,0.0,0.0,6349,0.0
1913,HIMATSEIDE,EQ,79.13,79.13,0.0,0.0,62,0.0
1914,TITAGARH,EQ,774.2,774.2,0.0,0.0,3315,0.0
1915,REDTAPE,EQ,135.0,135.0,0.0,0.0,4831,0.0
1916,SFL,EQ,556.65,556.65,0.0,0.0,130,0.0
1917,SIS,EQ,373.45,373.45,0.0,0.0,21,0.0
1918,SHAREINDIA,EQ,138.02,138.02,0.0,0.0,821,0.0
1919,RKSWAMY,EQ,88.79,88.79,0.0,0.0,1,0.0
1920,PIDILITIND,EQ,1453.0,1453.0,0.0,0.0,4382,0.0
1921,LXCHEM,EQ,155.59,155.59,0.0,0.0,1734,0.0
1922,MEDIASSIST,EQ,389.0,389.0,0.0,0.0,825,0.0
1923,HCG,EQ,606.35,606.35,0.0,0.0,173,0.0
1924,BSOFT,EQ,331.6,331.6,0.0,0.0,3079,0.0
1925,DCMSRIND,EQ,42.35,42.35,0.0,0.0,12,0.0
1926,INOXWIND,EQ,95.35,95.35,0.0,0.0,32987,0.0
1927,DALBHARAT,EQ,1781.2,1781.2,0.0,0.0,72,0.0
1928,SUPRIYA,EQ,675.8,675.8,0.0,0.0,547,0.0
1929,SUNPHARMA,EQ,1845.7,1845.7,0.0,0.0,3015,0.0
1930,SWARAJENG,EQ,3805.1,3805.0,-0.1,0.0,22,0.0
1931,TATAELXSI,EQ,4082.2,4082.2,0.0,0.0,459,0.0
1932,JAIBALAJI,EQ,82.98,82.98,0.0,0.0,3405,0.0
1933,ICICIPRULI,EQ,541.5,541.5,0.0,0.0,634,0.0
1934,INDIACEM,EQ,390.45,390.45,0.0,0.0,167,0.0
1935,IONEXCHANG,EQ,393.1,393.1,0.0,0.0,175,0.0
1936,CSLFINANCE,EQ,226.8,226.8,0.0,0.0,10,0.0
1937,HATHWAY,EQ,10.55,10.55,0.0,0.0,29088,0.0
1938,HIKAL,EQ,198.68,198.68,0.0,0.0,1369,0.0
1939,DLINKINDIA,EQ,464.0,464.0,0.0,0.0,1106,0.0
1940,NILASPACES,EQ,13.98,13.98,0.0,0.0,1069,0.0
1941,MHRIL,EQ,224.61,224.61,0.0,0.0,155,0.0
1942,NHPC,EQ,76.77,76.77,0.0,0.0,34234,0.0
1943,JAICORPLTD,EQ,111.83,111.83,0.0,0.0,2189,0.0
1944,DMART,EQ,4331.7,4331.7,0.0,0.0,502,0.0
1945,VESUVIUS,EQ,471.75,471.75,0.0,0.0,76,0.0
1946,COROMANDEL,EQ,1872.7,1872.7,0.0,0.0,290,0.0
1947,RADAAN,EQ,3.08,3.08,0.0,0.0,60,0.0
1948,RAMASTEEL,EQ,5.35,5.35,0.0,0.0,29493,0.0
1949,APARINDS,EQ,12459.0,12459.0,0.0,0.0,196,0.0
1950,63MOONS,EQ,662.1,662.1,0.0,0.0,429,0.0
1951,GRANULES,EQ,729.05,729.05,0.0,0.0,1513,0.0
1952,ALLCARGO,EQ,9.33,9.33,0.0,0.0,10722,0.0
1953,JSWENERGY,EQ,517.95,517.95,0.0,0.0,9394,0.0
1954,NESTLEIND,EQ,1468.6,1468.6,0.0,0.0,4168,0.0
1955,ZFCVINDIA,EQ,14651.0,14651.0,0.0,0.0,79,0.0
1956,SAKUMA,BE,1.8,1.8,0.0,0.0,8961,0.0
1957,GATECH,EQ,0.56,0.56,0.0,0.0,309956,0.0
1958,EMIL,EQ,113.53,113.53,0.0,0.0,2735,0.0
1959,JSL,EQ,732.1,732.1,0.0,0.0,383,0.0
1960,SEPC,EQ,7.32,7.32,0.0,0.0,70387,0.0
1961,SHRENIK,BZ,0.39,0.39,0.0,0.0,11019,0.0
1962,MANAKSTEEL,BE,62.65,62.65,0.0,0.0,1,0.0
1963,BOSCHLTD,EQ,36510.0,36510.0,0.0,0.0,25,0.0
1964,HERITGFOOD,EQ,350.8,350.8,0.0,0.0,1901,0.0
1965,TOLINS,EQ,102.52,102.52,0.0,0.0,171,0.0
1966,BESTAGRO,EQ,17.79,17.79,0.0,0.0,462,0.0
1967,IMFA,EQ,1450.2,1450.2,0.0,0.0,235,0.0
1968,MANORG,EQ,583.95,583.95,0.0,0.0,25,0.0
1969,AHCL,EQ,13.39,13.39,0.0,0.0,6507,0.0
1970,ANANTAM,IV,109.1,109.1,0.0,0.0,149,0.0
1971,FISCHER,EQ,35.3,35.3,0.0,0.0,1525,0.0
1972,DISHTV,BE,3.6,3.6,0.0,0.0,12673,0.0
1973,VISHNU,EQ,575.75,575.75,0.0,0.0,267,0.0
1974,EFCIL,EQ,180.05,180.05,0.0,0.0,914,0.0
1975,TPHQ,EQ,0.56,0.56,0.0,0.0,22861,0.0
1976,TVSSCS,BE,113.13,113.13,0.0,0.0,1235,0.0
1977,ADVENZYMES,EQ,369.8,369.8,0.0,0.0,1149,0.0
1978,EXCELSOFT,EQ,84.69,84.69,0.0,0.0,1105,0.0
1979,NGLFINE,EQ,2188.6,2188.6,0.0,0.0,55,0.0
1980,ADVANCE,EQ,106.24,106.24,0.0,0.0,425,0.0
1981,FRACTAL,EQ,1033.95,1033.95,0.0,0.0,7064,0.0
1982,CRAMC,EQ,244.2,244.2,0.0,0.0,889,0.0
1983,LANDSMILL,EQ,0.9,0.9,0.0,0.0,37143,0.0
1984,PRITI,BE,44.12,44.12,0.0,0.0,140,0.0
1985,VITAL,BE,59.0,59.0,0.0,0.0,1,0.0
1986,SARVESHWAR,BE,3.76,3.76,0.0,0.0,7581,0.0
1987,DSFCL,EQ,27.31,27.31,0.0,0.0,5,0.0
1988,SEDEMAC,EQ,1974.4,1974.4,0.0,0.0,1111,0.0
1989,ICICIAMC,EQ,3183.9,3183.9,0.0,0.0,384,0.0
1990,FRONTSP,EQ,1636.2,1636.2,0.0,0.0,277,0.0
1991,CONTROLPR,EQ,636.45,636.45,0.0,0.0,310,0.0
1992,CEREBRAINT,BZ,4.24,4.24,0.0,0.0,11309,0.0
1993,FCSSOFT,BE,1.63,1.63,0.0,0.0,5704,0.0
1994,PARKHOSPS,EQ,246.33,246.33,0.0,0.0,2944,0.0
1995,RCOM,BE,0.91,0.91,0.0,0.0,54282,0.0
1996,ARVSMART,EQ,592.25,592.25,0.0,0.0,25,0.0
1997,PFOCUS,BE,288.8,288.8,0.0,0.0,145,0.0
1998,ALOKINDS,EQ,13.57,13.57,0.0,0.0,2137,0.0
1999,ADVAIT,EQ,1908.6,1908.6,0.0,0.0,129,0.0
2000,WELSPLSOL,EQ,41.31,41.31,0.0,0.0,50,0.0
2001,HBESD,EQ,77.9,77.9,0.0,0.0,1,0.0
2002,ABCOTS,EQ,225.13,225.13,0.0,0.0,100,0.0
2003,VIKASECO,BE,1.36,1.36,0.0,0.0,5623,0.0
2004,ELPROINTL,EQ,165.99,165.99,0.0,0.0,240,0.0
2005,GSS,BE,13.51,13.51,0.0,0.0,100,0.0
2006,EMMVEE,EQ,264.25,264.25,0.0,0.0,5040,0.0
2007,HILTON,EQ,22.08,22.08,0.0,0.0,25,0.0
2008,ACCURACY,BE,5.45,5.45,0.0,0.0,5640,0.0
2009,MBLINFRA,BE,25.5,25.5,0.0,0.0,94,0.0
2010,SHRIKRISH,EQ,42.37,42.37,0.0,0.0,2,0.0
2011,ERIS,EQ,1357.6,1357.6,0.0,0.0,7,0.0
2012,SHIVAMAUTO,BE,19.26,19.26,0.0,0.0,1,0.0
